Date,RP_N1,RP_N2,RP_N3,RP_N4,RP_ N5,RP_N6_T1,RP_N6_T2,RP_N6_T3,RP_N6_Grove,RP_N6_Dixon,RP_N7_T1,RP_N7_T2,RP_N7_T3,RP_N7_Grove,RP_N7_Dixon,RP_N8_T1,RP_N8_T2,RP_N8_T3,RP_N8_Grove,RP_N8_Dixon,RP_N9_T1,RP_N9_T2,RP_N9_T3,RP_N9_Grove,RP_N9_Dixon,RP_ N10_T1,RP_ N10_T2,RP_ N10_T3,RP_ N10_Grove,RP_ N10_Dixon,RP_ N11_T1,RP_ N11_T2,RP_ N11_T3,RP_ N11_Grove,RP_ N11_Dixon,RP_N12_T1,RP_N12_T2,RP_N12_T3,RP_N12_Grove,RP_N12_Dixon,RP_N13_T1,RP_N13_T2,RP_N13_T3,RP_N13_Grove,RP_N13_Dixon,RP_N14_T1,RP_N14_T2,RP_N14_T3,RP_N14_Grove,RP_N14_Dixon,RP_N15_T1,RP_N15_T2,RP_N15_T3,RP_N15_Grove,RP_N15_Dixon,RP_N16_T1,RP_N16_T2,RP_N16_T3,RP_N16_Grove,RP_N16_Dixon,RP_N17_T1,RP_N17_T2,RP_N17_T3,RP_N17_Grove,RP_N17_Dixon,RP_N18_T1,RP_N18_T2,RP_N18_T3,RP_N18_Grove,RP_N18_Dixon,RP_N19_T1,RP_N19_T2,RP_N19_T3,RP_N19_Grove,RP_N19_Dixon,RP_N20_T1,RP_N20_T2,RP_N20_T3,RP_N20_Grove,RP_N20_Dixon,RP_N21_T1,RP_N21_T2,RP_N21_T3,RP_N21_Grove,RP_N21_Dixon,RP_N22_T1,RP_N22_T2,RP_N22_T3,RP_N22_Grove,RP_N22_Dixon,RP_N23_T1,RP_N23_T2,RP_N23_T3,RP_N23_Grove,RP_N23_Dixon,SCD_Puree_T1,SCD_Puree_T2,SCD_Puree_T3,SCD_Puree_Grove,SCD_Puree_Dixon,SCD_Thick_T1,SCD_Thick_T2,SCD_Thick_T3,SCD_Thick_Grove,SCD_Thick_Dixon,SCD_Soft_T1,SCD_Soft_T2,SCD_Soft_T3,SCD_Soft_Grove,SCD_Soft_Dixon,SCD_Chop_T1,SCD_Chop_T2,SCD_Chop_T3,SCD_Chop_Grove,SCD_Chop_Dixon,SCD_Moist_T1,SCD_Moist_T2,SCD_Moist_T3,SCD_Moist_Grove,SCD_Moist_Dixon,ME_Total,ME_Type_N1,ME_Type_N2,ME_Type_N3,ME_Type_N4,ME_Type_N5,ME_Type_N6,ME_Type_N7,ME_Type_N8,ME_Type_N8,ME_Type_N9,ME_Type_N10,ME_Type_N11,ME_Type_N12,ME_Type_N13,ME_Type_N14,ME_Type_15,ME_Type_N16,ME_Type_N17,ME_Building_T1,ME_Building_T2,ME_Building_T3,ME_Building_Grove,ME_Building_Dixon,ME_ PC_RN,ME_PC_LPN,ME_PC_PHARMA,ME_PC_Other,ME_Shift_Day,ME_Shift_Evening,ME_Shift_Night,RI_Total,RI_Location_ N1,RI_Location_ N2,RI_Location_N3,RI_Location_N4,RI_Location_N5,RI_Location_N6,RI_Location_N7,RI_Location_N8,RI_Location_N9,RI_Location_N10,RI_Location_N11,RI_Type_N1,RI_Type_N2,RI_Type_N3,RI_Type_N4,RI_Type_N5,RI_Type_N6,RI_Type_N7,RI_Type_N8,RI_Type_N9,RI_Type_N10,RI_Type_N11,RI_Shift_Day,RI_Shift_Evening,RI_Shift_Night,RI_TOI_N1,RI_TOI_N2,RI_TOI_N3,RI_TOI_N4,RI_TOI_N5,RI_TOI_N6,RI_TOI_N7,RI_DOI_N1,RI_DOI_N2,RI_DOI_N3,RI_DOI_N4,OC_Total,SE_Total,UHV_Admitted_Total,UHV_Not_Admitted_Total
12002,138,137,2,1,1,10,5,5,3,8,5,8,0,10,9,7,2,8,7,12,1,2,5,1,10,6,4,3,2,9,1,6,10,10,10,0,8,4,5,1,2,7,7,6,16,0,5,4,5,2,8,6,1,3,5,10,9,3,8,2,7,2,1,9,4,4,1,3,10,2,6,5,6,9,9,2,8,2,4,2,1,2,4,3,4,1,0,3,5,4,4,0,1,20,4,12,17,20,14,35,34,7,16,30,11,24,29,18,26,5,35,24,11,27,6,34,33,30,25,7,100,6,2,5,7,10,1,4,2,10,1,3,6,10,8,8,3,5,2,9,2,8,2,5,1,10,3,9,7,6,1,51,19,20,8,9,8,18,20,12,5,1,9,4,12,17,15,2,7,8,0,10,14,5,11,5,11,12,12,7,3,18,11,7,16,0,8,10,99,31,18,20
22002,137,140,7,1,10,9,5,2,5,6,10,9,10,5,12,10,10,0,9,7,10,9,0,1,4,1,9,1,1,0,9,4,5,0,9,3,2,5,9,10,6,0,5,10,7,2,5,5,4,6,10,0,9,6,2,6,9,7,0,9,8,7,2,10,9,10,5,1,9,8,4,10,9,8,6,3,2,8,10,8,9,10,1,5,9,0,0,8,3,0,6,0,2,18,3,18,14,21,31,14,5,35,30,15,31,7,1,26,19,3,17,21,11,12,0,20,32,17,31,32,81,9,2,6,8,9,1,2,5,8,9,6,10,9,10,4,6,9,9,9,1,1,0,3,1,6,7,5,2,3,10,66,19,3,2,1,5,19,14,4,3,10,17,18,14,20,16,3,3,3,10,10,5,20,15,4,3,6,0,7,14,9,13,6,0,15,17,2,68,100,9,18
32002,137,136,6,5,8,5,9,7,6,12,10,6,5,14,6,0,8,4,14,5,2,0,2,6,2,3,9,8,5,9,3,8,3,8,2,2,5,9,16,2,8,5,10,6,3,3,3,1,2,2,7,10,1,0,5,9,9,9,4,1,3,3,2,10,9,7,7,7,8,3,3,4,6,5,1,1,0,4,3,3,11,5,8,8,7,3,7,10,8,2,1,6,3,2,8,28,5,31,7,9,3,21,23,21,8,18,29,24,6,35,12,26,27,11,3,21,10,11,0,7,37,8,8,5,9,1,7,8,5,3,3,5,5,4,2,9,8,9,1,4,1,9,3,9,4,1,0,8,1,4,6,87,16,14,19,3,13,20,10,15,10,20,18,9,9,10,19,18,16,16,1,5,7,14,0,12,2,18,14,14,18,10,1,6,10,13,17,19,52,56,24,3
42002,140,136,7,5,9,0,3,9,4,2,0,3,10,4,13,4,7,3,14,13,3,10,6,10,2,10,4,7,0,8,9,1,7,5,7,5,5,8,8,10,9,4,2,7,13,6,6,0,6,9,7,9,2,5,0,5,3,1,6,0,0,1,3,7,4,4,2,8,0,2,2,5,1,3,7,0,8,8,0,6,6,7,9,10,2,3,8,3,6,2,9,8,8,15,4,19,24,32,10,22,23,0,19,30,29,9,12,22,19,5,34,14,5,10,30,2,10,18,2,1,1,7,1,8,4,8,6,4,5,4,1,4,9,3,10,9,8,3,10,4,2,6,10,3,2,0,1,4,0,3,1,72,10,17,7,9,9,16,2,16,13,19,8,19,14,12,8,12,10,4,13,1,7,14,2,3,19,19,16,19,20,2,2,2,18,19,6,9,14,25,5,17
52002,133,138,8,10,10,6,0,6,6,5,7,8,8,14,10,2,9,5,4,10,7,0,10,2,7,9,1,4,7,6,7,9,9,6,10,5,8,1,13,5,0,5,9,5,15,6,0,9,7,1,2,7,6,10,6,0,4,8,4,2,9,6,1,7,0,10,6,2,2,9,9,6,7,9,2,7,10,5,7,9,15,2,8,5,10,8,5,0,1,9,8,8,1,17,6,17,23,20,6,14,28,8,32,32,26,34,3,22,1,22,15,22,15,14,26,2,10,29,13,14,89,1,9,1,4,4,7,7,8,10,8,2,5,4,9,6,5,6,10,0,10,9,0,1,3,5,0,5,9,7,5,32,20,19,11,20,15,17,19,13,10,18,6,0,0,9,6,19,1,1,5,4,14,15,0,20,5,10,15,15,9,8,13,16,2,11,10,5,54,24,17,17
62002,135,138,5,10,1,7,1,6,2,9,9,10,0,2,2,6,8,10,9,10,6,10,7,6,9,9,5,10,9,2,3,2,0,1,3,0,2,4,19,4,3,2,10,6,15,10,7,4,9,1,0,4,6,3,1,6,3,9,4,7,2,10,1,1,6,9,10,10,5,5,3,3,1,10,10,1,2,1,9,7,7,4,0,1,7,3,7,1,2,10,3,7,7,7,2,13,35,16,13,10,20,19,35,4,1,4,3,1,22,29,28,3,16,5,20,29,17,31,8,35,97,0,5,6,8,10,8,8,4,9,10,7,10,2,0,0,8,3,8,5,0,9,10,9,1,8,7,9,9,6,3,18,18,2,16,0,2,10,6,1,10,15,6,19,12,16,19,2,5,1,2,0,16,6,19,5,1,10,20,13,19,11,2,19,15,2,1,16,74,81,17,15
72002,133,136,2,10,9,10,0,1,7,8,8,8,0,3,2,8,8,10,9,7,1,7,2,1,7,10,8,3,9,6,9,0,0,5,5,4,3,2,3,0,10,6,4,7,20,7,0,9,0,4,7,10,6,7,0,6,10,8,0,9,8,4,4,3,7,5,2,0,3,10,1,9,6,6,8,9,5,8,7,6,2,5,0,6,2,0,1,1,9,6,9,1,5,15,1,1,3,9,19,19,12,17,20,28,13,13,14,7,25,13,22,17,22,35,4,19,24,23,29,8,35,7,10,10,6,9,5,1,2,5,5,2,5,8,10,8,9,10,6,2,2,1,9,10,10,6,2,7,10,6,5,86,5,11,7,9,9,7,19,20,4,10,4,4,11,12,11,14,7,13,13,0,12,13,20,12,1,14,12,5,8,19,14,11,2,0,11,17,26,95,1,22
82002,140,138,12,9,3,4,4,0,6,7,9,4,7,8,3,4,0,1,8,6,7,5,2,7,5,0,9,8,7,6,7,10,10,7,7,7,0,6,12,4,0,8,2,6,18,0,6,7,10,5,10,5,5,6,0,3,2,6,5,9,2,4,5,7,0,6,1,0,5,1,1,9,4,7,7,9,0,4,10,10,1,8,2,6,6,0,6,3,10,8,1,5,1,13,6,13,20,24,22,21,19,10,9,24,10,26,24,10,11,27,28,0,15,29,16,33,27,27,28,3,10,8,3,8,8,10,1,5,7,7,2,8,10,7,10,7,6,3,9,6,0,6,2,4,6,5,0,5,4,10,0,62,5,13,14,10,14,14,9,7,20,0,5,8,19,12,0,16,9,4,15,18,0,8,4,15,10,12,4,6,7,4,5,10,3,15,19,0,22,49,0,7
92002,125,138,11,9,9,6,10,3,12,8,4,3,6,4,10,7,3,3,15,11,2,8,7,2,0,5,1,3,4,10,4,10,4,3,4,2,9,9,10,3,9,6,10,6,6,10,4,4,1,8,4,9,9,10,5,10,2,9,5,4,10,1,6,4,9,1,7,10,2,9,3,3,8,1,10,7,10,1,2,1,10,6,4,3,7,10,8,3,8,7,4,7,7,12,8,9,8,15,17,22,15,7,7,6,18,21,1,9,34,1,30,8,0,5,16,9,33,0,10,25,44,8,7,7,10,4,8,9,5,8,9,3,0,1,5,0,4,1,1,6,5,9,2,5,3,6,2,1,2,5,6,18,17,12,14,17,3,7,0,11,12,2,4,12,5,10,6,13,14,4,0,2,19,5,10,0,17,13,19,6,20,7,4,2,15,11,12,11,9,43,11,12
102002,137,138,7,9,9,0,6,1,4,2,2,2,7,2,8,3,0,10,14,7,1,2,9,1,2,6,7,2,1,8,7,8,1,6,9,3,6,4,15,5,0,6,6,6,12,7,6,9,0,2,7,2,9,2,7,5,10,7,8,9,4,1,2,2,0,10,5,0,3,8,1,1,8,10,10,9,5,2,10,10,16,0,8,6,4,3,10,6,8,7,0,0,1,12,1,16,14,33,27,29,10,16,13,33,0,16,35,32,14,8,17,8,30,8,15,7,15,17,27,28,79,7,8,9,2,0,5,10,8,0,5,4,8,10,6,9,10,7,5,10,2,7,10,2,9,5,5,5,10,8,8,38,12,6,3,17,2,10,5,13,12,13,17,10,5,4,20,17,3,15,9,17,18,1,14,9,13,12,17,10,5,8,5,1,7,15,12,15,3,85,15,6
112002,127,138,1,0,6,9,5,5,10,9,1,1,10,14,0,3,6,4,5,16,0,2,5,9,9,4,5,6,3,10,0,1,0,5,10,0,9,10,6,6,7,1,5,1,15,1,9,3,9,1,10,7,1,1,7,8,0,4,6,9,10,7,6,7,7,3,3,5,8,1,6,10,8,4,6,8,7,4,0,1,12,2,3,4,5,4,10,9,8,3,3,0,9,15,5,27,14,6,5,29,5,25,3,16,23,34,10,18,10,10,18,25,16,33,9,14,1,12,34,19,56,10,1,5,10,7,4,7,2,4,7,3,5,10,1,6,3,9,7,6,4,3,1,2,8,7,1,5,10,8,1,36,19,20,6,15,13,13,15,19,16,15,7,5,14,20,5,20,5,20,4,16,11,16,15,13,4,0,6,14,2,18,14,10,6,20,7,8,84,58,9,3
122002,133,140,6,0,1,5,8,2,7,0,3,10,6,12,8,0,8,5,18,18,7,6,2,9,9,2,1,7,1,7,6,3,5,10,3,10,1,9,7,1,1,5,0,8,16,5,1,4,4,7,5,4,4,4,8,4,10,2,8,3,9,6,7,2,9,4,5,9,1,5,6,8,10,1,8,6,8,7,6,2,18,10,5,7,8,9,2,5,10,6,3,3,8,9,5,14,9,16,18,14,24,28,25,29,28,29,16,27,33,32,29,21,3,35,10,14,17,35,1,17,87,10,1,8,1,5,5,9,6,7,8,8,10,10,0,9,4,2,3,4,5,10,8,1,1,2,8,9,1,2,8,35,14,11,19,14,17,10,3,0,16,15,10,11,3,4,12,18,11,1,16,0,13,3,18,20,3,15,9,1,17,9,18,16,14,4,1,0,4,85,7,16
12003,127,135,11,4,5,9,9,8,7,12,6,10,8,5,5,10,0,8,9,15,9,2,3,3,10,8,2,10,9,2,9,8,8,9,1,9,10,4,4,10,0,10,3,2,11,0,2,10,6,10,1,2,6,3,10,3,0,3,4,0,0,0,0,1,3,1,9,6,5,2,3,9,7,8,8,1,7,5,4,9,15,10,6,8,0,10,10,0,9,6,0,6,4,3,0,13,6,21,10,22,14,27,1,27,22,12,3,5,35,17,0,14,7,31,17,11,23,16,26,11,60,9,7,4,5,1,7,6,8,2,9,7,10,5,3,9,2,9,5,4,2,4,5,5,0,1,6,1,0,9,6,8,18,16,6,13,10,11,11,6,16,20,15,2,13,10,18,13,5,8,13,20,15,18,12,3,4,11,19,0,16,18,5,8,15,20,6,20,47,94,21,10
22003,135,138,0,2,2,4,5,3,9,3,5,6,10,15,2,6,5,9,6,9,9,1,4,3,5,6,8,2,7,0,3,9,0,10,7,9,2,2,18,0,7,7,0,8,3,0,0,9,7,0,6,8,10,7,9,5,5,1,9,4,0,3,7,3,7,1,10,9,6,4,5,0,4,6,2,10,0,10,7,0,3,9,7,7,9,0,9,4,1,8,6,6,1,16,2,11,32,19,20,2,24,0,27,15,7,5,34,18,18,33,2,13,16,13,34,12,11,3,12,24,82,7,7,2,0,1,1,0,3,4,8,5,2,2,9,7,7,3,6,1,3,5,8,1,5,5,5,9,8,3,4,61,0,10,15,13,18,4,17,16,10,17,15,20,6,16,0,19,20,1,4,20,16,11,15,17,16,10,17,18,13,18,2,18,6,18,5,8,95,22,14,20
32003,140,138,3,9,1,7,4,1,12,8,3,6,7,8,2,5,5,8,9,18,5,4,0,4,2,0,1,8,3,8,3,8,3,10,3,2,4,7,14,2,5,5,5,2,2,9,5,10,9,5,5,0,6,4,9,4,1,4,2,0,3,4,10,8,3,3,10,0,6,6,5,2,1,10,7,7,5,5,2,8,20,2,7,3,8,3,7,6,9,7,1,9,0,7,8,27,16,25,11,35,25,2,15,6,31,22,13,33,28,24,2,8,30,26,34,26,9,27,8,35,21,7,10,7,0,1,5,8,5,4,10,7,4,2,5,5,10,2,7,0,0,9,2,4,1,9,4,1,7,8,5,55,17,17,0,7,9,1,0,11,2,2,20,0,12,7,6,10,19,13,1,18,14,20,6,9,1,1,8,1,6,16,20,15,7,13,0,20,12,99,11,1
42003,126,135,12,0,0,10,6,7,1,1,7,5,2,7,7,5,0,10,16,5,1,10,1,9,0,4,5,3,6,0,10,0,2,1,0,7,6,3,18,10,4,7,8,5,5,0,4,6,5,7,8,9,5,8,2,8,2,9,0,6,4,9,3,9,6,1,6,5,5,10,9,8,10,9,7,7,2,5,6,3,9,5,0,8,8,5,10,7,4,3,0,10,3,2,3,35,18,24,12,14,26,24,23,23,11,26,0,31,30,23,30,13,20,3,6,21,33,6,17,35,88,5,7,0,0,9,3,1,4,5,4,0,5,6,4,4,10,5,6,5,9,9,1,10,6,2,2,3,7,10,1,72,19,15,9,6,12,1,9,7,14,8,8,18,0,11,10,17,16,1,5,3,11,12,11,7,14,0,5,8,1,2,17,10,17,14,18,16,81,26,3,6
52003,135,140,6,8,7,10,2,7,1,2,6,3,3,2,2,0,10,7,9,18,8,8,10,2,6,5,0,5,8,8,0,9,7,6,1,8,8,1,7,0,6,7,7,6,0,2,0,2,0,10,7,4,6,8,8,8,3,3,6,7,4,3,5,2,10,10,7,7,3,10,10,6,8,7,5,7,2,4,0,9,17,6,5,4,1,4,7,0,6,3,8,0,10,13,9,33,23,28,4,19,7,5,21,18,20,34,26,27,32,2,6,33,29,18,0,33,26,23,23,21,91,2,4,1,0,8,8,2,2,7,7,4,7,5,1,2,0,8,0,10,2,2,1,2,4,6,9,4,7,2,7,30,16,9,10,13,4,14,13,6,17,15,14,1,13,6,2,12,17,20,6,12,1,9,19,1,6,4,15,16,12,6,13,8,3,7,7,13,5,69,5,20
62003,132,140,7,2,1,0,0,1,9,4,10,4,4,8,7,9,4,4,13,14,4,2,1,4,0,2,7,7,8,1,10,9,4,4,4,1,1,7,16,10,4,6,0,3,18,10,10,5,6,1,9,3,6,1,8,6,7,0,3,1,8,10,2,2,7,3,0,3,6,3,10,4,2,4,0,3,9,4,1,4,11,9,0,4,1,1,1,1,10,10,0,2,10,11,9,30,25,13,35,31,19,7,23,33,13,29,13,33,24,15,24,11,24,20,22,1,15,2,21,15,12,6,9,9,0,3,2,9,4,8,9,5,7,2,3,0,1,1,7,10,2,0,7,10,9,8,2,10,4,3,0,24,18,4,12,13,2,9,5,14,17,10,18,5,8,1,20,9,20,10,7,20,15,17,7,18,12,3,8,10,14,9,15,7,3,18,14,18,47,49,18,13
72003,136,139,6,9,5,0,10,2,2,4,4,7,6,10,3,0,8,8,9,6,1,7,8,5,9,6,4,1,10,6,9,10,5,0,3,1,4,4,10,1,7,9,0,5,10,7,6,6,3,3,7,7,1,4,3,0,0,5,4,0,9,9,9,10,1,8,3,3,3,10,6,1,4,0,5,0,6,3,6,0,9,9,10,4,9,6,10,0,5,4,1,9,6,12,9,23,6,12,3,10,31,13,29,14,27,7,7,21,23,22,31,15,34,24,26,34,30,29,11,23,34,2,4,9,6,9,6,2,1,8,4,2,8,5,2,3,0,0,1,10,0,9,0,1,4,6,4,7,4,10,5,50,19,9,1,9,7,8,3,1,15,15,7,10,15,15,6,6,19,6,19,6,2,16,20,11,18,9,1,11,18,11,9,1,3,10,8,0,62,67,21,1
82003,125,140,8,5,5,3,5,2,2,1,7,4,6,14,8,0,7,0,11,11,0,7,6,1,2,9,4,2,7,3,9,6,5,8,3,4,0,7,10,10,4,9,6,8,5,3,3,7,2,9,1,8,5,6,0,8,1,9,1,0,2,0,10,6,10,9,5,8,8,1,2,2,5,2,10,4,7,10,2,3,20,9,9,5,0,1,7,5,0,9,4,1,10,17,2,26,33,21,23,17,3,3,11,3,23,28,0,18,9,31,10,29,17,12,17,14,18,30,8,18,44,3,9,6,3,6,2,3,3,1,5,6,6,2,2,4,5,0,0,8,5,6,6,9,2,6,0,8,8,1,9,42,16,5,4,14,8,4,12,11,19,17,7,5,13,5,16,2,0,8,20,18,12,12,0,9,3,3,19,5,19,13,13,11,2,3,0,4,23,69,22,24
92003,132,140,7,10,8,4,8,9,2,12,0,9,10,11,11,0,7,9,18,9,1,0,8,3,8,6,1,4,10,10,4,0,3,7,6,0,1,1,8,8,9,0,2,3,13,9,9,10,8,6,1,6,0,10,3,8,7,0,7,5,10,10,7,7,8,1,10,3,8,3,8,6,4,8,3,5,9,5,10,9,1,4,2,4,2,4,3,9,5,1,9,6,2,12,10,7,26,10,31,20,15,12,9,30,6,9,20,23,17,2,7,1,11,6,35,31,26,4,34,8,29,10,4,2,5,10,1,2,3,8,2,2,10,1,4,4,2,1,0,0,7,0,0,6,2,1,4,6,2,3,4,93,3,2,14,12,9,4,8,16,8,3,6,4,9,1,1,2,13,6,6,0,20,12,3,8,5,4,8,0,0,13,19,9,11,18,12,17,27,0,0,2
102003,127,140,3,1,2,6,4,4,12,7,6,6,8,2,10,9,4,10,15,14,9,4,8,2,9,6,3,1,2,9,8,2,7,6,3,2,8,3,2,4,2,6,8,2,3,4,5,6,6,0,5,2,5,7,9,1,0,3,8,10,7,0,5,10,5,6,1,10,4,4,5,10,2,8,5,10,5,7,9,5,1,4,2,0,10,1,5,1,8,2,10,5,1,20,5,32,34,7,21,7,24,0,7,18,7,13,26,34,24,29,22,22,3,34,11,27,16,1,7,25,3,7,2,2,5,3,1,5,4,3,2,7,1,9,6,0,1,4,10,8,4,7,0,5,9,0,9,6,1,6,5,47,16,12,3,17,17,5,3,2,16,4,3,12,15,19,15,14,2,2,16,11,1,15,9,2,8,19,14,3,3,0,0,19,13,4,15,8,98,28,4,23
112003,129,136,1,6,8,1,6,1,7,6,2,0,5,13,6,3,1,10,7,12,7,4,0,1,2,2,10,9,1,10,2,4,10,10,9,9,3,5,4,9,2,5,9,0,3,3,8,7,9,9,3,3,10,0,0,3,4,5,7,0,10,1,3,2,9,8,8,3,0,1,2,3,7,10,0,6,7,4,2,10,8,2,3,8,7,1,2,8,10,4,10,9,9,1,8,29,34,35,20,8,9,19,2,9,18,9,35,27,3,34,11,28,24,16,19,16,7,33,8,35,52,6,2,4,4,4,6,6,4,3,3,10,2,6,2,9,4,2,2,8,5,0,6,10,1,9,10,3,7,1,9,89,17,12,17,15,1,11,10,18,8,16,9,0,20,12,2,1,10,16,13,6,2,7,20,16,0,17,18,15,16,19,18,20,13,6,10,13,74,26,14,24
122003,132,137,12,1,1,4,9,2,9,6,5,10,2,1,15,7,4,6,10,17,10,1,10,6,0,4,9,2,10,4,8,8,0,6,10,3,9,6,3,10,4,6,2,1,19,8,8,6,9,2,1,10,0,3,6,2,1,7,8,2,1,5,8,2,3,2,10,3,9,10,0,5,1,4,7,5,7,0,1,8,10,0,1,10,10,6,7,7,3,4,4,2,1,5,2,33,7,22,17,6,8,29,5,3,35,20,0,34,23,21,26,15,4,22,4,31,22,14,28,19,62,5,0,3,5,7,2,9,4,5,6,2,5,7,2,4,7,5,10,5,6,7,1,5,3,7,4,7,2,10,6,9,5,9,7,14,2,12,4,0,14,14,14,5,6,19,18,0,0,20,19,17,1,0,11,7,16,11,14,13,10,16,5,5,10,16,15,20,95,62,25,4
12004,132,138,12,8,1,10,6,3,0,9,6,3,9,3,1,4,4,7,13,8,0,2,10,4,0,3,4,3,1,10,5,7,6,2,8,0,10,10,14,6,6,7,4,7,7,7,4,6,1,10,10,1,1,10,9,6,6,9,5,9,10,8,8,6,9,4,7,3,7,1,5,9,10,10,1,8,3,1,8,8,5,8,6,2,0,10,6,5,8,9,7,9,9,11,0,25,20,9,11,16,10,5,0,6,18,13,28,12,21,24,3,21,34,31,18,9,33,19,25,30,35,0,5,8,5,9,6,7,5,8,3,2,2,1,6,0,4,4,1,10,5,9,8,3,10,9,5,8,9,8,6,86,12,3,10,16,18,5,13,7,16,11,8,10,17,17,12,1,3,20,18,19,8,3,6,13,7,18,15,18,19,20,13,8,8,3,3,8,67,58,24,16
22004,133,138,12,8,10,6,7,2,2,11,2,3,2,7,1,9,0,1,13,9,1,9,6,2,3,4,7,7,10,9,5,6,7,5,2,7,8,5,0,4,2,4,9,1,5,9,2,9,4,5,7,9,10,3,1,9,7,3,6,3,5,3,5,10,9,4,3,1,9,4,10,10,5,10,0,0,7,3,6,6,12,4,2,7,6,4,2,1,7,3,0,5,4,6,4,7,18,34,25,12,1,33,28,12,25,24,33,31,29,17,18,10,12,26,3,22,31,24,26,7,26,2,4,7,10,1,10,5,10,10,8,4,6,6,5,3,7,8,8,2,8,0,2,3,7,5,5,8,4,10,9,80,9,0,2,19,13,13,20,13,13,13,8,15,10,3,3,15,13,4,5,18,6,1,17,8,20,14,4,17,16,11,16,19,18,6,4,12,1,45,4,15
32004,139,139,5,0,2,7,0,9,11,3,0,5,7,8,5,7,8,4,15,15,10,4,10,3,4,9,4,7,9,2,10,8,7,0,6,2,8,9,14,0,9,0,3,4,19,8,9,2,7,5,10,7,0,8,2,4,0,4,2,8,8,4,0,7,2,0,1,4,3,4,0,4,2,4,2,3,3,2,5,1,19,8,6,1,0,10,9,5,4,3,9,8,5,20,9,20,18,10,20,9,4,11,7,6,3,6,32,32,16,19,10,14,5,16,7,22,27,6,28,8,38,5,2,5,4,5,5,9,2,7,5,9,1,6,2,8,1,1,4,10,9,2,0,1,1,2,2,0,1,10,8,4,12,11,10,11,7,6,4,5,18,18,20,3,8,6,15,15,13,11,5,6,12,2,4,1,2,14,5,2,13,8,6,18,18,13,0,9,50,16,0,6
42004,125,136,4,9,9,2,4,2,5,7,4,0,0,6,3,4,0,5,10,3,5,6,5,1,2,7,3,2,8,6,10,4,8,7,10,0,7,8,9,10,5,4,9,5,17,4,0,0,9,5,6,8,3,2,10,9,9,2,10,7,9,10,5,6,1,2,3,2,3,5,5,3,7,3,10,3,0,3,7,9,16,3,10,3,9,1,6,6,5,8,5,4,0,2,2,7,1,13,31,22,9,11,11,0,24,26,27,2,29,12,11,34,10,6,17,14,14,10,6,21,96,7,5,3,8,8,6,9,3,9,1,4,9,0,0,5,8,6,1,2,9,0,2,8,6,6,6,10,3,9,0,92,17,17,20,17,18,7,11,17,0,6,5,19,15,3,1,1,0,19,3,18,17,0,1,12,1,9,2,1,15,9,16,18,20,8,2,1,38,55,11,4
52004,126,137,2,2,9,7,3,7,2,1,10,2,3,13,12,2,1,10,9,16,8,6,3,8,3,0,8,10,3,8,10,6,4,6,5,9,8,6,11,7,1,5,4,7,12,7,7,8,7,0,4,6,6,9,3,10,10,6,1,2,6,10,2,10,4,2,5,9,4,6,0,2,5,2,10,0,10,9,1,9,1,9,7,10,4,7,8,5,10,8,2,5,9,7,10,21,33,34,21,23,27,20,29,6,20,3,30,24,33,23,24,8,1,29,7,10,25,30,25,10,82,3,6,0,0,8,8,0,2,5,10,9,4,0,9,6,10,6,5,7,10,1,10,10,8,8,8,10,10,0,0,20,7,1,4,17,11,0,7,10,16,12,13,0,5,18,4,11,15,18,8,2,20,14,10,20,4,18,19,18,11,4,9,6,6,11,9,8,62,91,20,14
62004,135,135,6,5,4,2,0,6,1,5,1,0,8,0,9,0,5,5,5,10,5,6,1,3,10,5,10,6,5,4,9,6,8,3,5,3,9,2,0,8,8,6,5,3,19,8,9,1,2,9,1,4,8,6,5,2,9,7,6,0,9,5,10,8,3,4,6,3,7,2,9,2,1,6,6,8,6,4,7,1,13,2,10,1,8,0,3,3,10,5,6,10,1,3,4,12,12,22,25,11,17,18,26,10,21,29,8,25,10,21,26,33,0,19,34,13,30,1,14,26,45,1,5,7,10,1,7,1,7,1,3,6,0,4,5,7,1,2,5,4,1,8,5,3,2,9,3,2,9,3,10,72,0,11,12,4,20,8,8,2,4,10,7,16,5,4,18,0,16,14,2,0,20,8,14,10,5,4,3,5,20,0,19,20,12,3,5,13,0,41,17,22
72004,127,135,2,1,5,9,3,3,0,8,5,7,10,8,13,6,2,6,8,9,4,1,10,4,8,10,1,5,1,2,9,5,0,0,9,5,3,5,2,6,10,2,1,10,15,2,8,7,5,6,6,6,2,2,4,7,2,3,8,5,9,8,0,9,10,0,0,3,3,2,1,3,9,8,3,1,5,8,2,0,11,9,0,2,8,5,2,7,5,9,0,10,7,18,4,28,8,5,15,10,26,19,20,3,1,2,27,34,12,35,30,4,31,27,29,16,17,35,29,2,44,2,2,10,3,4,0,7,6,1,8,10,10,2,3,9,0,5,3,4,6,3,10,2,2,9,3,8,4,5,0,55,2,12,17,8,1,1,3,15,5,8,0,20,15,13,7,13,7,5,2,8,3,3,11,10,1,0,18,13,8,16,6,0,6,5,0,12,31,79,1,24
82004,131,137,12,5,1,4,9,8,1,6,5,8,8,8,11,2,2,6,4,12,6,2,8,4,7,7,0,5,4,7,0,0,9,7,9,1,9,1,7,0,2,0,4,3,12,8,9,6,7,9,3,5,0,4,10,2,6,9,8,5,9,6,5,3,4,7,1,5,6,8,0,4,5,9,0,1,9,7,6,8,12,5,5,3,4,0,7,2,9,5,1,8,6,15,10,23,25,25,8,12,11,10,18,29,5,10,9,26,18,14,8,14,14,27,0,12,24,22,19,24,60,6,5,7,5,0,5,8,3,6,10,4,5,4,1,3,6,5,10,9,0,6,6,1,3,8,9,5,7,7,2,54,17,2,16,20,1,17,14,15,12,8,6,17,4,6,2,0,8,8,1,12,13,11,3,13,5,5,17,10,13,11,13,0,0,17,1,16,23,41,12,15
92004,140,135,7,10,0,1,5,5,11,7,9,4,2,8,7,3,6,1,15,13,1,0,9,2,0,5,7,0,5,3,9,3,6,6,1,4,9,1,20,2,6,4,2,2,4,4,1,4,10,0,7,2,1,8,4,6,8,7,0,8,10,5,3,1,0,3,1,4,10,3,1,6,4,10,8,1,8,0,8,10,10,1,10,5,1,2,4,8,9,7,1,9,0,11,4,32,6,32,9,0,32,33,15,5,33,14,15,15,31,26,16,0,31,9,19,3,22,19,22,35,73,6,2,3,2,9,2,4,1,7,3,8,9,7,2,10,0,3,6,6,1,10,0,7,6,0,9,4,1,7,7,73,12,7,1,2,5,18,15,7,2,12,8,11,19,19,14,10,4,10,14,15,10,15,3,20,14,6,1,7,16,2,20,3,8,8,18,4,92,44,21,4
102004,126,135,6,6,10,0,9,1,0,2,5,4,5,2,0,1,10,7,17,8,0,8,7,4,5,8,5,3,1,2,9,0,4,3,7,4,3,10,2,3,3,5,7,3,8,5,1,10,5,1,6,2,0,0,6,9,7,4,5,5,10,2,4,9,10,1,3,9,10,0,5,3,6,3,5,10,3,2,4,2,9,5,7,10,9,3,2,3,4,1,9,8,0,19,8,7,31,19,12,10,20,21,5,30,1,14,24,7,4,4,25,14,31,20,6,6,13,21,15,5,34,6,0,2,0,9,2,8,6,3,10,8,4,2,4,4,1,5,6,4,2,2,3,8,10,7,4,1,3,10,8,100,9,13,19,11,7,20,17,0,14,16,2,17,9,17,15,2,1,3,6,13,20,19,14,18,4,12,18,7,15,16,4,8,15,4,7,2,12,90,9,14
112004,135,139,5,0,5,5,1,8,6,9,8,1,7,0,0,4,5,5,12,9,2,8,3,7,3,0,0,3,3,0,8,0,9,2,9,7,8,10,7,5,5,3,3,0,16,8,8,4,3,0,6,7,7,3,9,5,3,9,7,5,4,7,1,7,2,7,4,7,9,8,0,7,1,10,5,4,9,4,1,0,9,1,5,0,3,5,10,4,5,4,4,10,1,6,0,3,24,30,34,1,15,3,24,7,24,5,5,23,13,26,29,0,20,34,4,4,27,23,12,27,2,0,7,0,1,10,9,1,0,5,7,0,10,10,10,2,10,5,7,9,5,7,9,4,7,7,8,4,6,3,5,3,5,5,16,0,18,2,2,19,19,5,17,20,0,4,5,1,17,11,14,16,17,1,16,1,19,5,1,3,6,18,15,18,1,10,11,9,88,77,19,5
122004,128,136,2,2,9,1,10,3,6,3,3,1,0,5,8,8,1,4,17,3,1,3,9,5,9,1,4,0,4,2,9,0,1,3,7,1,9,5,19,4,9,3,10,1,13,3,6,0,6,1,5,10,5,6,3,4,2,10,3,7,9,3,6,4,7,6,10,10,5,7,10,5,5,0,4,0,6,10,5,5,2,7,8,9,5,7,1,2,4,5,5,7,0,3,2,13,0,30,19,1,23,4,26,34,30,34,20,0,1,23,12,16,0,24,11,13,25,22,32,2,24,8,1,7,1,3,9,5,5,10,10,0,3,7,7,4,4,2,0,4,2,0,9,9,10,9,6,5,5,6,0,6,0,5,6,20,5,7,7,16,10,8,14,20,6,14,19,1,4,14,15,11,20,15,1,20,4,17,15,6,4,12,3,13,6,2,10,19,4,80,14,1
12005,135,137,10,5,4,5,7,10,11,4,4,7,10,5,15,10,2,3,10,4,1,2,6,6,7,8,7,5,4,0,3,3,8,0,10,10,4,2,3,0,3,0,5,3,2,1,2,0,1,6,6,6,8,4,8,3,0,7,5,5,5,6,9,7,8,5,7,7,3,9,7,2,7,1,4,7,5,5,9,7,12,1,6,9,1,7,7,7,9,6,0,1,9,14,0,8,15,18,10,8,17,32,19,35,18,34,12,3,1,3,4,16,3,21,2,5,30,13,7,28,67,7,4,4,0,6,3,1,0,8,8,2,3,1,8,1,6,1,4,1,10,9,5,5,0,3,4,7,0,3,8,85,12,1,14,1,9,10,9,20,17,15,0,12,14,4,16,3,6,13,1,1,14,0,3,6,3,2,18,1,1,18,16,3,10,20,19,5,65,94,2,14
22005,139,135,9,0,3,7,10,4,9,4,8,5,1,5,5,5,5,8,10,6,2,6,8,2,10,7,0,3,1,4,6,2,5,5,1,0,0,4,1,7,9,0,3,10,13,0,7,7,2,4,7,5,8,10,7,1,8,6,1,1,8,3,0,0,5,3,9,1,0,9,8,9,8,0,2,1,1,5,8,1,11,3,1,10,3,4,6,9,7,8,5,9,3,6,9,15,25,4,9,26,17,30,20,35,15,2,12,30,22,26,18,25,30,33,21,8,31,15,4,7,39,4,9,4,9,2,3,5,10,8,4,0,8,8,5,7,1,2,9,8,3,10,0,3,9,2,3,4,8,7,9,32,4,8,7,17,7,0,7,18,10,13,8,10,5,9,15,4,5,10,10,12,1,19,11,8,16,12,2,9,6,13,10,3,9,12,6,3,46,67,15,25
32005,129,136,10,3,10,0,10,6,8,8,4,0,10,1,2,1,10,0,4,6,9,5,2,0,4,3,1,8,4,9,7,3,0,1,8,7,5,2,6,5,5,0,2,6,6,7,1,5,2,9,1,8,2,8,4,0,10,0,9,3,0,4,4,9,9,4,8,0,4,4,9,2,10,8,4,4,7,10,1,5,12,6,1,6,10,7,6,7,2,7,8,3,5,2,8,34,7,3,9,4,22,33,20,11,30,21,20,5,16,14,19,33,25,1,35,21,16,19,27,34,23,5,8,4,7,5,8,3,0,7,6,0,5,9,7,9,1,6,8,0,1,1,1,2,1,5,3,3,7,4,1,94,20,11,14,8,16,4,5,3,20,20,0,3,5,1,13,3,6,14,14,9,6,0,17,9,18,10,2,7,19,7,12,3,11,7,13,17,31,31,22,3
42005,128,135,0,5,4,9,6,1,4,3,1,2,8,8,13,4,7,6,4,13,0,1,1,6,2,1,0,3,5,8,4,1,9,0,5,8,5,2,1,4,6,1,3,4,14,10,3,5,10,6,2,8,9,7,7,5,4,2,9,5,7,5,2,9,10,3,7,5,3,10,8,2,0,0,1,1,9,7,3,0,18,3,10,10,1,9,3,0,7,10,5,5,2,6,0,9,9,35,6,8,27,28,20,7,4,17,14,25,0,15,26,30,21,3,27,9,9,3,10,20,80,4,7,7,0,0,9,0,4,6,6,1,4,6,9,1,10,8,4,5,7,9,9,0,9,10,8,0,10,3,10,58,19,20,20,8,10,9,3,9,13,15,20,14,5,14,13,0,4,19,20,11,14,6,9,18,5,17,9,8,16,10,17,3,17,10,6,15,66,44,14,11
52005,130,140,0,3,0,4,2,2,7,6,6,5,3,4,6,2,8,2,15,14,0,10,3,1,6,7,8,4,6,4,2,7,1,9,0,4,10,7,3,0,8,7,6,0,4,10,3,9,5,9,4,2,10,8,6,8,3,1,2,3,1,8,8,1,1,2,7,9,3,6,9,4,8,4,8,9,0,4,2,7,8,10,10,1,0,3,1,10,10,1,7,1,3,14,9,14,3,31,26,12,3,15,7,10,30,33,10,2,3,28,19,33,4,23,30,20,29,13,7,4,89,3,4,2,2,5,3,5,0,5,3,7,2,9,0,3,5,4,4,4,1,7,7,4,5,5,5,0,0,0,5,68,13,4,5,9,11,7,5,12,0,7,2,10,20,4,18,9,9,13,13,11,1,11,15,15,1,19,2,15,8,4,2,3,6,0,11,12,56,37,8,19
62005,127,139,4,3,8,6,3,5,6,1,1,2,10,14,8,5,2,6,16,6,0,1,3,10,7,8,6,10,2,8,4,1,1,5,2,1,3,6,8,2,5,3,10,1,4,6,7,7,7,2,9,6,7,6,6,2,4,3,1,1,1,9,5,5,7,6,5,7,4,0,3,7,2,8,6,1,1,3,3,10,7,2,8,5,0,0,7,4,4,10,9,5,7,17,9,14,5,0,4,23,0,32,16,4,5,16,1,29,32,21,15,3,33,13,33,18,32,25,25,11,19,9,4,9,9,1,4,7,10,0,1,2,0,5,5,5,3,4,3,2,1,9,2,0,6,7,10,0,2,1,8,47,11,2,18,3,18,4,7,7,12,10,19,15,13,4,15,3,16,7,0,2,3,11,15,4,9,17,14,16,6,0,17,7,11,2,19,5,66,17,12,1
72005,126,136,12,4,8,6,8,4,9,8,7,1,8,1,7,8,8,2,7,17,1,9,0,10,6,4,7,5,4,5,10,9,3,3,3,0,2,6,18,3,1,2,8,6,2,1,2,0,2,6,10,3,5,1,5,6,3,6,9,0,3,6,10,0,4,9,5,3,2,0,2,3,9,1,5,0,0,9,7,2,15,1,10,1,8,2,0,9,1,4,4,1,5,9,5,28,27,28,30,7,5,21,32,11,19,22,28,15,2,16,13,24,10,10,13,28,12,17,13,3,36,7,1,3,2,2,1,9,0,5,2,10,7,4,8,7,10,2,6,3,5,4,8,2,0,2,4,0,6,9,3,95,11,12,20,15,0,0,17,8,0,18,2,14,18,8,18,6,9,12,10,17,17,13,19,6,0,3,16,16,15,17,12,4,5,8,15,8,46,56,4,10
82005,127,140,12,7,10,8,8,9,0,1,3,6,0,0,1,5,4,5,16,11,5,8,6,1,6,4,1,4,4,7,1,0,9,7,6,3,5,4,12,6,4,3,9,4,1,1,1,10,2,8,6,6,3,7,0,10,2,1,9,0,9,1,6,8,7,10,7,2,7,6,8,0,8,4,3,8,5,5,9,9,5,8,0,9,0,5,4,1,10,0,4,6,6,5,10,34,0,6,34,1,2,35,9,17,5,13,27,1,20,33,11,16,2,18,29,20,33,5,11,30,72,1,1,4,3,2,5,4,6,4,10,5,7,7,10,9,2,5,1,4,2,1,10,6,0,3,5,10,4,3,3,84,0,2,13,10,6,16,12,10,15,14,6,14,12,10,0,12,8,6,17,11,5,16,3,0,7,0,15,12,11,7,17,9,11,5,18,4,13,65,17,24
92005,140,140,2,6,9,7,9,1,9,10,4,0,10,1,2,3,1,3,3,8,5,7,9,1,8,2,4,9,1,7,4,9,0,3,10,0,5,5,2,1,7,3,4,6,10,2,10,7,1,2,6,6,9,10,2,2,5,4,5,4,9,7,9,8,5,10,3,0,7,5,10,6,9,6,7,5,6,7,5,8,1,4,0,6,5,7,9,7,2,4,6,0,10,12,4,25,22,32,5,16,6,22,26,34,3,13,22,1,13,11,11,7,6,10,12,14,18,5,20,13,21,8,2,10,7,1,9,8,3,2,5,5,4,1,6,8,6,8,2,3,1,1,0,2,0,9,8,0,7,5,1,10,10,4,13,3,15,9,6,2,4,16,15,17,12,1,11,3,7,9,9,0,15,15,11,6,4,4,19,13,11,3,9,12,13,1,14,0,3,19,6,7
102005,136,136,8,9,4,2,7,0,6,9,5,6,2,8,5,9,7,7,15,8,1,2,1,4,9,10,10,8,6,2,2,10,6,1,3,5,2,5,19,8,4,9,8,1,11,6,3,7,3,8,5,8,5,6,7,3,5,5,4,0,6,6,2,9,10,9,3,9,5,6,5,2,6,7,1,4,3,5,5,3,16,1,1,5,8,1,6,5,5,7,8,0,3,2,5,32,22,13,21,24,12,29,33,7,0,21,7,1,6,34,33,8,19,35,11,25,10,21,18,23,30,0,5,2,6,6,3,7,5,7,1,8,0,8,3,3,3,1,6,8,9,9,10,0,0,8,4,10,10,7,7,42,11,16,20,6,13,15,12,7,0,4,19,0,16,6,17,6,15,17,15,11,2,2,16,1,14,16,20,2,10,16,20,11,18,3,9,10,48,56,1,22
112005,128,139,12,6,2,10,0,8,1,6,1,2,7,4,8,5,3,10,16,14,1,5,8,4,1,10,6,7,3,8,10,2,3,9,8,10,8,2,6,7,7,1,5,5,8,3,0,7,4,5,6,9,6,9,7,0,5,3,10,9,2,10,6,5,2,5,10,5,2,1,5,1,0,10,10,8,5,6,9,7,15,8,7,3,10,4,6,8,1,1,8,3,3,17,7,0,13,29,33,3,13,0,35,34,8,8,15,12,18,16,12,27,23,16,1,8,35,35,19,9,36,0,7,7,8,3,4,5,5,10,6,4,5,10,7,5,3,7,4,9,0,2,1,4,10,7,9,8,7,10,0,14,11,19,11,9,19,13,15,13,13,11,10,20,5,12,14,14,16,4,4,11,20,7,11,17,9,17,16,3,7,12,15,16,3,13,9,19,4,23,14,9
122005,128,139,10,0,9,5,1,2,2,9,3,2,5,4,9,1,6,10,13,15,5,0,3,0,10,6,2,4,0,6,2,3,5,4,1,0,5,7,14,10,4,6,5,4,5,3,7,9,0,2,10,3,2,2,8,5,5,1,0,8,1,0,6,7,0,2,5,5,3,5,4,6,10,3,10,5,10,6,0,3,16,6,5,1,5,10,9,2,0,0,5,7,9,10,7,6,22,28,3,10,12,25,14,32,24,24,9,25,34,29,2,35,34,35,11,17,35,8,30,32,74,3,5,0,3,7,9,7,8,8,3,7,0,3,9,8,2,9,6,9,8,0,3,1,6,10,7,7,10,10,6,8,6,17,16,19,20,10,4,12,1,8,7,0,20,18,4,15,17,5,4,9,11,18,17,3,4,7,7,0,7,2,15,12,5,6,13,3,21,93,11,9
12006,132,138,9,4,5,2,3,10,4,4,0,9,10,7,2,7,3,7,10,14,3,0,2,5,3,0,3,7,6,8,6,6,5,4,1,0,2,9,12,6,10,5,4,4,18,2,8,1,10,9,9,3,5,6,9,4,1,2,7,10,9,4,1,2,7,4,8,3,9,4,7,1,5,2,3,2,2,3,1,10,2,5,5,8,8,7,3,0,2,6,6,10,10,3,4,6,30,1,22,13,7,21,3,4,15,18,35,7,1,28,29,33,2,8,30,34,21,6,11,13,7,7,6,3,6,0,9,5,1,8,10,3,3,10,8,3,0,9,8,8,2,3,9,7,7,10,0,6,10,0,10,100,5,0,14,20,10,11,7,14,10,14,16,4,17,2,0,0,3,12,9,0,16,3,14,4,0,6,12,17,12,13,8,4,20,6,14,19,96,93,2,10
22006,135,138,12,4,7,10,1,1,0,8,3,6,10,7,14,5,0,3,4,7,8,10,4,3,4,4,4,5,6,1,8,3,6,10,9,6,5,0,13,4,5,5,4,7,2,4,0,5,8,10,10,8,10,2,1,10,6,8,1,1,9,9,5,9,1,10,4,1,3,7,5,0,2,8,7,3,8,2,4,7,18,2,2,8,10,7,8,8,8,0,7,6,3,7,10,28,34,16,17,29,33,31,14,5,6,6,33,7,2,5,15,17,27,18,2,15,8,0,11,17,58,8,5,10,7,2,1,5,7,9,4,3,0,10,8,3,6,4,7,3,9,4,1,5,2,8,1,9,2,0,0,87,17,5,20,11,12,11,2,11,9,8,10,0,4,7,17,3,6,13,9,4,2,1,16,11,6,12,8,11,2,10,0,4,20,17,7,7,8,1,24,11
32006,139,140,2,4,7,1,10,9,7,2,9,6,1,14,13,7,7,0,3,14,5,5,1,2,5,1,2,0,7,9,7,4,7,7,4,5,7,2,16,4,3,9,6,9,8,9,3,0,10,9,10,6,9,8,1,10,4,10,2,5,3,4,3,10,4,3,3,10,9,6,2,10,0,0,5,6,5,3,9,10,20,1,10,9,3,2,8,4,10,3,10,3,3,7,8,13,8,14,6,31,1,35,5,16,12,1,21,0,6,5,27,29,35,4,5,14,33,29,0,35,57,0,4,2,3,4,0,2,6,3,6,8,2,4,4,5,5,9,10,4,4,4,9,9,0,8,5,10,6,0,0,23,3,1,10,16,7,6,16,4,11,2,13,13,3,16,5,6,6,15,9,0,9,8,7,7,14,13,0,18,8,11,9,13,2,11,17,5,78,53,21,16
42006,136,140,1,5,1,10,8,0,5,11,3,8,10,2,7,2,10,2,13,9,3,7,1,6,10,0,7,3,6,5,8,10,3,1,3,2,3,3,8,3,2,4,1,8,4,8,0,5,2,9,3,6,8,4,0,1,9,5,9,7,4,1,4,7,1,1,8,9,3,6,0,9,3,6,6,6,6,4,7,9,15,9,3,6,0,1,10,7,9,0,10,5,2,8,10,15,18,25,14,0,19,15,2,10,1,6,28,23,34,17,26,29,23,20,34,15,35,29,31,18,61,4,10,6,9,8,6,10,6,2,1,3,4,2,9,3,6,9,4,7,10,3,2,0,4,10,9,0,2,9,4,92,10,19,1,11,14,7,5,9,2,19,8,8,17,10,19,15,8,3,16,2,0,4,4,5,0,16,12,20,8,10,4,13,12,8,2,2,94,97,7,15
52006,135,138,9,5,9,10,1,10,0,6,8,10,1,10,1,10,6,2,12,3,5,4,4,8,7,4,6,0,8,4,8,10,2,4,2,10,8,7,13,4,2,0,6,0,20,9,2,10,1,1,5,5,7,9,10,0,7,2,1,10,0,2,10,4,2,9,8,5,6,5,8,3,10,9,6,0,9,3,4,9,19,7,3,0,8,10,0,2,1,3,5,1,10,8,7,22,24,18,4,20,7,24,7,21,32,24,19,24,32,19,8,9,24,35,18,4,19,19,2,12,12,10,9,2,10,10,7,1,4,7,1,7,7,4,4,0,9,10,3,1,2,3,1,4,8,8,10,9,4,2,4,60,12,1,3,12,17,15,19,17,13,4,17,15,15,19,8,19,19,17,2,17,13,14,12,5,18,6,9,7,5,18,16,12,14,7,10,13,11,5,11,22
62006,125,135,2,8,7,0,3,7,3,10,10,0,0,14,3,10,7,4,17,9,8,8,3,4,9,6,0,6,3,9,8,5,6,0,9,10,7,4,7,7,9,1,6,1,10,0,9,4,9,5,10,4,10,3,9,1,9,10,9,9,6,5,8,8,0,2,3,3,5,0,0,3,3,2,4,6,1,4,5,0,15,6,7,4,9,10,5,0,6,6,7,0,10,17,10,29,0,34,7,30,33,20,7,3,18,3,13,8,13,28,29,4,8,5,27,7,2,23,35,5,4,10,6,6,1,3,7,10,7,1,2,9,0,5,4,0,4,8,6,5,6,7,8,7,6,0,9,10,6,6,8,27,17,10,17,12,11,15,20,11,12,20,15,7,12,17,7,20,8,4,1,0,10,6,11,13,20,9,14,3,20,11,16,16,20,20,2,8,1,48,14,22
72006,139,139,7,4,10,8,0,7,3,5,7,10,0,10,7,6,1,2,6,9,1,1,7,4,6,7,1,10,7,6,6,3,9,0,10,0,2,6,1,10,0,0,7,10,15,5,7,8,8,10,4,5,9,7,2,3,10,2,10,0,6,0,3,9,0,7,6,10,3,4,5,0,3,10,8,7,10,4,3,5,13,6,9,5,8,2,0,2,1,8,2,0,7,8,8,34,26,23,35,10,13,13,13,2,28,30,13,9,19,5,8,9,29,4,1,26,15,10,13,20,85,4,10,1,8,5,9,6,7,6,3,0,3,5,4,3,3,3,9,8,1,6,0,10,10,9,7,1,9,3,7,24,18,9,8,20,19,4,16,16,16,6,8,14,18,20,8,5,9,7,13,10,14,15,1,16,13,4,6,0,6,4,4,7,11,7,17,12,79,36,13,20
82006,138,139,2,10,7,6,8,8,5,7,0,2,8,13,8,7,6,0,14,7,6,4,10,8,5,2,7,2,10,4,6,0,10,9,10,9,2,1,10,1,3,2,9,1,5,8,0,10,5,6,6,0,4,7,7,1,10,7,6,2,4,5,6,3,4,0,7,6,1,4,3,9,1,6,6,0,0,2,9,8,20,9,3,8,2,2,7,10,1,6,10,0,1,14,9,22,0,13,31,23,24,6,13,15,19,31,13,21,33,22,26,27,4,23,12,9,19,0,16,5,59,7,9,4,7,1,2,8,8,3,8,6,6,6,5,3,0,8,3,0,4,2,8,6,10,10,2,2,1,1,1,12,5,4,7,18,6,16,19,6,0,15,11,3,14,9,7,15,1,1,0,13,12,6,10,3,5,0,7,0,1,17,17,0,14,4,6,3,49,57,10,9
92006,134,139,3,1,2,1,10,9,2,2,9,8,9,5,14,2,3,10,13,16,3,6,9,9,3,9,7,1,7,10,9,0,7,2,4,1,6,6,3,3,10,5,3,8,12,9,0,8,1,6,8,1,5,7,6,1,0,10,9,6,2,8,5,9,9,5,7,5,4,4,5,2,3,9,8,6,2,4,0,10,13,5,8,10,10,0,2,0,0,9,3,8,2,6,5,13,14,14,16,20,25,19,7,20,33,17,32,16,8,33,1,8,0,14,4,24,15,15,31,20,12,9,0,0,3,1,1,4,6,5,10,2,5,1,9,8,5,3,1,7,0,10,4,9,3,2,3,7,3,6,7,6,8,18,5,5,1,20,9,11,4,15,11,19,6,7,2,6,8,16,5,6,11,13,17,14,8,17,19,8,10,12,13,18,4,8,19,9,34,67,1,6
102006,137,138,10,4,3,2,7,10,7,0,7,5,9,9,14,4,6,9,5,18,2,2,9,5,9,5,1,9,0,7,5,10,7,1,2,3,10,6,1,8,0,5,5,3,1,10,9,7,7,5,7,7,2,2,3,3,7,9,0,4,8,10,1,9,8,4,4,8,7,5,10,0,2,5,3,1,8,8,0,10,2,2,3,3,9,6,3,7,2,5,3,7,3,13,10,2,0,16,28,2,31,27,26,21,16,7,34,26,4,10,4,13,20,14,4,35,32,10,31,34,43,1,0,9,1,3,8,4,4,8,3,8,9,6,5,7,2,2,10,1,1,0,10,9,6,0,4,0,8,4,0,92,16,6,12,9,19,0,15,1,18,14,14,17,6,6,9,16,2,20,20,1,6,13,6,17,11,8,15,4,11,11,14,4,2,3,15,8,91,53,16,15
112006,131,135,8,4,0,5,1,2,5,11,10,6,2,12,6,2,6,7,6,16,2,2,1,0,5,4,7,6,7,9,3,3,10,4,3,6,1,1,20,5,6,8,1,4,16,0,6,3,6,7,5,10,5,1,10,8,1,8,3,1,10,8,2,2,4,7,7,10,9,0,9,5,7,9,9,5,2,7,7,7,19,8,10,9,0,2,5,5,5,6,0,5,9,9,6,10,6,2,14,29,29,26,0,8,20,32,28,22,6,4,33,20,26,30,2,7,14,34,1,28,46,9,7,4,4,8,2,8,0,4,1,3,10,5,0,2,1,3,9,10,0,10,3,6,8,0,10,3,6,9,10,85,2,20,9,6,4,13,20,9,0,12,19,9,15,16,19,6,15,3,8,1,14,10,4,8,10,12,2,6,11,3,0,9,7,13,2,0,41,77,7,25
122006,125,135,2,10,8,0,10,1,4,2,10,10,5,9,13,6,8,6,10,15,6,10,9,2,6,2,3,7,8,4,2,5,8,2,3,5,9,8,13,6,0,2,0,4,10,6,8,7,1,8,5,1,1,4,6,4,6,5,5,3,5,0,9,5,8,10,5,0,9,1,3,7,3,7,4,4,3,6,3,9,15,6,10,2,1,7,4,6,4,1,9,10,0,7,0,22,24,15,17,16,29,9,20,9,12,13,20,19,5,17,33,2,4,9,21,0,9,32,17,4,59,9,10,8,6,1,7,0,1,7,9,6,0,4,2,3,10,1,3,6,7,9,7,2,0,1,9,1,10,9,9,27,12,7,10,11,9,19,6,11,3,20,18,12,4,3,7,4,9,0,14,3,6,15,15,14,12,0,2,7,20,13,9,18,2,8,12,14,76,95,14,24
12007,127,140,12,6,3,5,0,8,2,2,2,4,10,15,0,7,7,0,18,11,6,0,7,1,6,7,10,9,9,0,5,6,10,7,6,1,4,7,11,10,7,6,3,1,14,5,7,10,8,6,6,4,8,3,0,0,8,4,7,10,10,10,10,6,2,0,9,4,8,6,3,4,5,3,8,0,6,5,0,9,7,1,7,4,9,6,0,7,6,5,9,4,8,16,10,30,9,21,28,23,26,10,29,15,2,1,1,12,15,17,17,7,30,7,19,15,20,26,17,30,87,3,4,5,6,8,0,2,2,10,1,6,0,9,5,3,6,4,4,4,7,0,4,9,8,1,10,4,0,1,8,57,1,18,4,13,15,16,0,9,15,8,2,12,9,3,14,4,8,4,16,18,4,16,16,15,15,6,18,9,11,11,14,19,4,12,1,3,64,2,6,22
22007,139,135,7,10,7,6,6,9,0,1,2,0,1,3,6,3,9,2,14,16,3,4,2,2,9,7,5,4,8,4,9,6,4,9,9,1,0,8,12,10,7,1,8,2,1,6,3,4,9,7,9,4,7,4,9,6,10,10,7,10,1,7,8,5,1,8,0,9,9,3,3,5,0,9,6,5,4,4,1,6,0,10,7,4,3,4,1,3,5,2,10,7,8,14,1,27,34,29,35,16,28,8,14,22,1,11,11,1,7,29,34,2,33,29,29,23,10,26,18,21,4,3,5,2,7,7,8,9,0,3,9,5,7,4,8,3,1,9,1,7,9,7,0,4,2,1,9,3,9,4,10,96,17,16,0,0,11,13,0,6,17,3,13,9,7,7,20,16,6,17,19,4,20,3,13,1,16,18,17,13,17,15,16,5,10,2,2,15,50,80,16,9
32007,135,137,6,9,7,8,6,4,2,9,6,6,5,2,5,3,5,0,13,4,5,10,1,2,0,8,10,5,1,4,0,2,9,9,3,4,9,3,12,6,0,4,8,10,6,10,6,6,0,8,7,5,7,10,2,9,6,0,0,9,7,5,8,10,6,3,9,4,2,0,6,0,0,2,2,2,3,9,9,8,12,9,2,3,10,2,3,5,5,8,3,0,5,11,1,5,18,5,29,31,3,17,21,14,33,16,8,23,17,21,19,17,9,8,6,19,3,11,30,26,98,0,1,3,10,5,3,6,7,9,5,2,2,8,5,9,10,3,0,0,2,7,7,7,10,10,4,9,6,5,2,9,17,12,1,8,14,16,19,8,12,17,18,16,12,5,18,13,16,8,12,15,2,4,1,8,15,18,11,1,6,4,16,8,7,6,14,13,73,40,0,22
42007,125,135,5,9,7,3,1,2,4,8,1,5,4,2,0,4,8,6,3,6,10,2,7,6,9,5,6,6,7,7,2,4,2,4,1,2,10,8,13,9,6,6,2,7,11,10,1,3,5,3,3,5,7,6,5,8,3,6,2,4,9,3,10,4,9,5,8,0,3,8,9,5,8,0,2,0,10,7,4,9,7,8,1,5,0,5,7,9,0,6,8,3,8,17,6,14,13,5,14,14,35,21,28,9,27,21,12,14,13,33,10,26,7,23,1,23,9,28,26,11,38,6,6,8,2,0,0,8,9,8,9,8,9,3,4,6,5,8,10,7,4,4,10,7,3,4,0,7,8,0,5,43,10,10,19,6,12,4,14,18,1,4,17,7,20,10,3,20,13,1,1,7,19,16,20,3,14,12,17,19,13,7,20,1,12,17,1,17,78,79,18,1
52007,132,136,2,4,5,2,0,4,0,9,6,0,8,11,12,2,1,1,9,15,10,7,3,3,6,0,5,0,6,5,0,0,7,0,3,10,5,3,17,5,10,8,8,9,2,8,1,8,1,10,4,2,9,7,8,3,4,4,10,6,3,7,9,6,9,7,0,1,9,0,0,1,5,4,6,8,8,2,5,10,16,3,2,10,5,7,0,3,2,2,8,2,1,19,0,19,12,33,1,0,22,23,16,5,25,4,29,19,0,32,23,6,23,10,11,30,6,8,23,17,11,10,2,4,0,5,2,10,0,5,3,8,8,5,8,2,8,5,2,9,3,6,7,9,0,1,10,6,6,8,7,85,13,10,19,11,16,8,20,13,11,16,10,6,7,9,16,11,10,8,0,9,17,17,20,6,6,19,8,12,6,18,5,7,13,0,2,12,66,22,8,11
62007,140,138,7,5,6,10,10,1,9,3,8,9,7,14,6,9,6,10,8,4,5,10,9,0,7,5,1,6,3,10,1,2,5,1,10,1,1,9,16,7,0,9,9,10,17,0,7,8,3,3,8,9,6,6,3,5,2,5,6,3,7,7,6,9,6,9,4,10,4,9,6,7,4,0,7,10,0,8,8,5,19,3,9,7,2,8,3,3,2,3,5,9,9,7,1,2,27,27,4,23,14,0,33,34,15,22,1,18,18,33,30,30,13,32,2,4,30,29,23,5,6,8,6,3,5,5,9,7,10,4,9,9,0,8,10,3,4,6,0,10,9,1,8,9,4,9,8,3,0,6,0,97,16,19,7,12,5,6,12,4,7,5,0,11,10,16,3,18,20,10,1,20,19,10,6,3,20,3,13,6,14,1,5,7,3,3,3,15,20,85,14,3
72007,130,137,2,2,0,4,2,10,9,12,6,3,3,12,12,1,0,1,14,3,1,7,5,8,6,4,7,0,3,6,9,8,10,0,1,8,6,7,11,4,0,1,0,8,9,4,3,0,0,10,2,2,4,2,4,7,9,5,7,2,1,8,9,3,8,1,7,0,7,5,9,2,7,2,3,8,0,4,2,8,19,9,3,3,6,5,5,1,0,0,8,7,4,12,1,31,35,13,1,3,6,15,29,31,5,21,23,17,5,7,24,25,19,4,6,27,19,22,27,32,8,8,4,7,7,2,4,8,8,9,10,2,5,9,1,4,5,3,1,6,5,7,4,4,3,6,7,5,4,10,8,52,2,8,10,5,1,1,10,5,4,3,2,8,6,0,7,7,4,1,4,6,2,5,8,9,9,9,6,3,6,8,1,10,10,6,10,8,11,57,1,19
82007,129,140,7,5,6,1,9,7,6,8,10,6,8,8,6,4,8,2,3,6,9,9,4,7,5,7,10,8,5,7,4,8,0,5,1,6,1,5,6,5,10,9,10,9,1,6,1,5,5,7,2,2,7,3,3,3,4,10,10,3,10,7,6,6,0,2,6,1,8,8,2,4,1,10,5,3,7,3,3,0,4,9,2,6,6,2,2,2,5,3,10,5,2,17,6,7,30,30,30,20,23,31,18,29,0,4,26,29,24,2,25,2,8,12,7,24,18,34,18,28,28,2,10,7,10,2,0,9,8,10,5,10,5,1,7,4,2,8,0,7,4,4,1,2,4,3,0,2,3,10,0,29,9,6,1,8,10,3,3,9,3,10,0,6,10,1,9,4,6,10,2,9,6,2,5,2,7,7,1,4,2,1,1,8,8,0,8,6,100,21,14,4
92007,132,138,2,2,0,5,2,4,9,10,2,7,1,3,1,3,6,7,18,16,0,5,6,5,1,2,10,7,10,8,2,2,8,3,2,6,1,3,18,1,3,5,7,7,2,1,10,0,10,4,1,3,3,2,9,7,4,6,2,9,3,8,3,10,6,2,2,8,2,8,1,6,6,5,0,3,3,6,7,10,8,3,6,1,0,7,4,6,7,4,4,5,3,6,7,31,1,4,20,6,33,8,29,16,4,1,17,17,29,0,12,6,10,27,3,18,35,35,9,1,95,9,6,7,2,10,8,6,7,5,4,7,0,2,6,6,0,7,10,6,10,7,7,10,1,6,1,0,7,0,1,62,0,6,8,2,0,7,9,7,5,7,7,8,10,3,3,0,10,8,2,1,1,3,5,3,8,0,9,1,4,8,3,0,10,3,6,2,19,64,23,0
102007,131,140,3,3,8,1,3,2,10,10,3,0,9,0,3,5,1,5,6,4,9,10,2,7,6,8,7,3,7,0,9,5,1,7,8,3,9,9,2,8,1,5,8,1,10,6,5,6,7,7,3,9,6,6,8,9,1,10,4,9,3,10,0,1,8,2,2,1,7,2,2,2,6,7,8,10,5,4,0,10,4,2,10,7,1,1,2,8,6,0,4,4,10,5,7,6,9,29,7,3,1,2,8,5,17,19,22,22,15,22,15,25,8,35,7,13,14,31,28,9,19,6,10,9,7,7,2,3,9,7,6,2,4,7,6,2,9,0,8,2,4,2,9,8,1,1,0,9,5,4,6,23,9,2,8,10,3,3,4,3,1,3,10,0,0,3,3,3,1,4,6,1,7,2,7,7,8,3,2,4,6,1,6,10,8,5,6,0,34,14,1,21
112007,135,140,5,10,6,1,4,6,12,12,5,4,4,6,2,3,2,5,10,9,4,4,10,1,9,6,1,6,9,10,7,4,3,0,4,6,9,1,4,10,9,7,7,8,13,8,4,6,10,8,1,4,1,3,6,8,7,10,2,2,7,2,0,1,5,4,3,6,0,8,7,10,9,3,2,0,0,9,3,10,10,3,5,0,9,3,7,1,1,0,8,1,6,7,1,25,20,0,24,17,23,23,27,7,27,32,8,16,22,31,17,10,7,6,13,3,14,3,29,23,82,0,4,0,9,4,10,3,3,6,5,6,8,2,1,9,7,7,2,0,4,5,7,1,6,6,7,9,3,1,5,86,0,4,1,5,3,5,4,7,0,6,9,5,5,3,6,10,10,5,6,6,10,6,3,1,0,3,10,9,10,0,8,9,5,10,7,0,5,31,8,11
122007,135,137,10,8,2,3,8,9,0,3,5,10,8,3,7,8,3,7,9,5,4,1,2,10,5,7,6,4,3,5,4,3,0,5,2,6,7,6,10,10,10,2,3,9,6,4,2,0,6,5,9,5,2,2,5,10,7,10,6,7,2,3,4,6,8,3,0,0,10,7,9,7,2,1,10,0,4,4,3,1,8,6,6,5,0,7,3,1,8,9,6,8,7,13,9,20,12,31,33,32,6,35,32,13,1,6,23,13,32,32,11,3,5,9,34,32,9,19,29,5,38,7,7,0,6,5,2,6,10,8,2,2,1,9,5,5,1,9,0,3,3,6,0,8,8,3,9,8,6,0,6,45,6,10,9,8,0,3,10,3,6,3,7,2,2,8,1,5,3,2,1,3,0,4,6,2,4,8,10,2,6,1,9,6,8,7,7,10,33,27,4,3
12008,132,138,1,1,4,10,8,4,12,0,3,5,0,2,13,6,9,7,17,13,8,10,4,8,5,0,8,10,5,3,2,3,10,2,4,6,5,8,0,5,7,4,10,6,8,3,0,4,0,9,6,9,5,9,1,2,8,0,7,10,7,3,5,1,1,5,7,2,9,9,3,4,6,1,7,7,4,9,1,5,19,0,5,5,0,10,10,2,1,3,0,7,6,10,1,29,0,20,21,27,29,17,32,9,21,27,33,18,9,9,6,20,24,0,21,1,15,29,24,30,36,0,5,2,6,2,5,9,1,5,3,6,2,1,6,10,4,9,1,6,6,1,8,1,0,8,0,6,8,0,6,3,0,6,0,6,10,0,2,4,7,3,5,7,0,8,0,5,1,1,4,0,5,3,8,6,9,4,1,5,0,2,4,3,3,6,10,0,83,84,1,0
22008,140,140,7,1,2,0,7,1,5,4,2,6,9,15,7,4,6,4,10,4,10,0,10,10,5,7,8,7,0,6,4,7,6,9,5,8,4,8,8,2,3,5,5,1,16,1,7,1,6,7,7,6,1,0,1,6,4,9,3,10,4,5,9,4,6,5,8,8,5,5,10,10,3,1,9,4,6,7,2,8,17,6,5,3,1,8,7,5,0,6,0,5,8,9,5,0,30,5,12,3,27,10,13,10,7,29,10,16,22,21,31,21,27,5,17,26,20,6,1,25,22,0,7,5,10,1,9,8,1,2,7,3,6,8,9,4,10,7,10,4,4,0,1,6,6,8,2,10,0,1,7,13,1,5,2,10,6,6,6,8,7,10,9,2,0,5,6,8,0,6,8,7,10,1,3,4,4,3,8,5,2,7,6,5,8,8,8,9,50,8,10,14
32008,135,139,11,1,7,8,9,3,4,9,2,7,8,1,15,8,1,3,11,15,0,8,5,7,10,2,0,2,9,5,9,6,1,4,10,3,8,3,13,4,7,3,0,3,2,7,2,1,2,7,5,1,10,1,2,7,0,5,9,6,1,4,8,1,6,2,8,1,4,1,0,3,6,7,9,9,2,3,2,8,19,6,6,2,9,1,6,4,8,9,0,7,2,3,5,21,28,27,20,26,8,21,8,1,29,14,30,34,34,28,25,9,29,23,11,26,27,20,3,28,73,4,7,3,10,7,7,8,0,9,2,5,6,0,8,10,0,3,1,8,8,3,8,8,10,9,10,10,6,8,8,5,9,2,10,1,10,7,5,8,5,10,2,5,3,1,6,1,7,2,10,2,7,3,3,10,2,6,7,3,2,1,7,10,9,5,9,7,4,55,12,10
42008,132,136,12,9,0,5,0,4,1,10,6,3,2,15,13,3,6,1,8,14,9,10,6,10,4,8,5,3,0,0,3,0,9,5,7,2,3,5,9,0,10,1,8,4,18,8,4,9,4,8,8,3,3,5,0,0,3,7,10,7,3,1,3,5,8,7,5,7,8,5,3,3,10,7,1,3,7,4,10,1,10,8,7,8,1,10,0,7,3,2,4,9,5,2,7,31,1,21,2,32,0,11,35,32,32,20,28,4,31,32,20,26,10,18,10,26,4,25,0,15,3,8,7,7,9,9,1,7,5,3,6,6,8,8,6,5,7,1,1,2,1,3,10,3,0,5,7,9,9,6,0,12,6,4,1,4,8,6,1,6,10,10,5,5,3,4,2,9,4,5,8,6,1,5,1,0,9,0,8,6,6,9,9,3,6,2,2,7,28,65,12,20
52008,134,136,7,9,9,1,8,1,7,3,9,9,6,7,2,10,9,3,18,11,0,4,7,1,10,10,4,5,3,5,0,1,2,5,7,5,1,7,5,6,6,5,7,2,0,4,10,6,10,6,8,0,2,7,2,3,3,6,3,9,0,8,6,7,9,9,3,9,5,8,8,2,1,6,9,7,2,8,8,3,5,5,1,5,0,4,2,10,10,5,5,9,5,17,0,3,4,21,14,32,1,3,20,19,14,23,22,35,31,11,16,12,19,9,9,12,29,10,29,23,76,8,1,8,5,4,2,8,2,3,10,1,10,6,10,9,0,6,10,3,9,9,9,3,4,9,2,10,7,10,10,34,3,3,5,2,3,1,8,10,7,2,4,4,2,9,8,4,6,0,5,5,1,3,2,4,7,8,0,0,3,3,10,5,1,1,10,3,3,3,0,14
62008,126,136,1,6,9,3,7,6,11,2,3,9,0,14,8,10,5,2,4,4,2,3,4,8,7,8,8,3,5,3,2,6,1,2,4,8,9,9,8,6,9,5,2,10,14,5,3,4,3,1,4,4,10,3,5,2,10,7,4,0,3,6,3,10,5,7,9,6,8,7,8,4,5,9,0,6,7,3,8,9,11,6,9,2,6,2,0,1,2,0,0,0,8,4,3,8,27,22,35,29,0,1,35,26,35,5,22,0,35,5,24,13,15,6,25,1,28,30,33,12,92,7,10,7,5,1,8,1,5,8,2,7,5,10,3,4,10,8,8,0,3,7,10,5,9,9,1,5,8,6,6,34,10,0,5,9,1,8,2,7,0,5,4,4,3,6,3,7,8,2,3,9,10,5,0,1,1,8,9,3,2,4,8,1,2,4,9,2,92,99,4,10
72008,138,135,10,3,8,4,8,0,7,3,4,7,3,4,0,4,10,10,16,12,6,2,5,2,6,4,5,4,7,2,10,3,9,6,4,4,8,8,10,9,8,3,3,7,14,2,5,0,10,0,3,10,7,2,6,6,10,8,7,1,3,5,7,5,10,10,0,4,2,4,10,2,10,0,8,1,8,3,3,3,5,10,6,7,2,5,2,10,10,3,1,0,5,13,6,23,11,10,25,4,1,22,21,10,13,19,20,29,30,10,20,11,2,13,16,12,11,22,31,6,22,7,9,1,7,10,2,10,3,3,8,10,4,5,1,3,9,8,6,5,2,4,7,4,5,3,1,9,3,1,8,24,10,3,3,4,1,0,9,8,2,6,3,10,3,4,5,1,2,9,9,3,4,10,7,9,3,5,9,9,4,6,7,7,2,2,0,8,43,65,3,25
82008,125,135,11,4,0,10,6,10,11,6,4,1,9,1,13,8,3,0,11,16,0,7,9,5,9,7,6,1,5,2,5,3,3,4,9,4,0,6,14,9,2,10,0,3,10,10,5,1,2,7,8,6,0,8,0,8,9,8,5,2,9,8,10,4,2,5,9,5,7,7,7,1,10,7,1,6,4,8,2,5,12,8,0,6,6,3,10,2,10,7,4,8,5,3,10,20,13,4,11,26,21,5,31,5,24,25,29,30,14,13,1,29,11,26,15,12,22,15,5,3,64,10,9,5,0,7,9,9,8,4,7,6,3,10,9,1,1,2,4,9,5,0,1,5,0,1,10,1,1,8,10,44,4,6,6,10,6,0,1,7,9,2,3,3,7,2,5,8,9,1,0,3,10,2,6,1,1,1,2,0,8,2,6,9,0,7,5,6,36,92,19,1
92008,126,139,4,8,3,8,1,3,3,5,4,3,3,5,11,1,5,5,12,7,1,0,2,1,2,3,6,8,5,1,1,8,0,6,5,9,5,9,16,2,2,9,0,9,7,10,0,8,8,9,0,6,10,5,3,6,3,2,8,7,0,1,1,5,4,2,3,2,0,3,2,8,2,2,3,4,3,3,2,7,15,5,5,9,1,1,7,0,8,5,0,9,8,9,7,6,22,7,31,31,35,27,17,13,20,24,34,8,16,19,11,9,11,8,0,16,7,1,33,21,0,9,0,7,8,7,7,2,6,5,6,6,9,4,2,8,7,10,8,3,3,5,1,4,5,4,8,10,6,5,0,13,7,4,7,7,1,1,0,4,8,1,10,7,10,0,7,9,8,3,7,5,0,3,5,0,0,6,9,4,1,8,2,2,9,3,4,0,99,7,17,18
102008,126,136,2,6,3,4,7,8,9,6,7,9,0,11,9,7,7,0,14,4,1,6,3,6,10,4,5,10,6,8,8,10,8,7,5,8,1,5,20,3,4,10,1,4,13,3,8,9,9,7,8,9,2,3,9,6,1,5,9,4,0,0,7,0,5,9,1,5,3,0,10,5,10,9,5,9,1,8,2,1,5,5,4,8,5,2,9,8,3,7,1,10,10,20,10,0,8,4,19,15,0,28,34,9,33,4,33,7,5,16,13,22,31,30,26,4,28,18,20,7,3,9,0,10,7,8,0,1,7,3,2,9,10,8,0,9,1,6,3,8,3,1,0,8,5,3,1,4,8,1,7,24,8,2,8,9,10,1,4,1,6,1,9,2,0,1,10,6,4,9,9,6,1,6,5,1,3,10,7,9,10,7,9,10,6,1,7,6,53,12,21,1
112008,130,136,4,6,3,0,2,7,2,0,0,8,0,2,15,4,6,4,9,13,9,0,8,6,10,7,3,7,7,2,6,9,9,3,8,7,4,10,2,8,3,8,1,2,12,4,2,8,10,8,8,3,10,10,9,3,7,1,9,8,9,1,3,3,4,3,3,1,4,6,0,3,4,9,5,1,8,4,1,10,15,5,4,10,5,8,7,6,0,8,0,4,5,18,8,12,24,14,22,32,5,18,11,21,5,18,26,35,14,0,7,13,5,32,25,25,29,23,27,14,2,7,0,0,10,2,5,6,8,10,0,7,3,0,10,5,10,1,2,2,4,8,8,4,8,0,6,1,8,1,4,72,8,9,1,5,2,8,10,1,2,3,2,0,1,10,6,8,3,6,9,10,7,9,8,4,8,0,4,2,0,1,6,2,2,4,1,10,10,7,11,17
122008,131,135,5,1,6,9,6,9,5,0,10,8,5,12,7,7,0,5,14,18,3,3,4,1,3,10,2,4,3,2,3,2,2,4,4,2,9,3,9,4,9,9,8,6,16,4,6,5,10,0,1,8,8,9,3,4,4,1,3,10,7,10,10,1,0,7,0,5,7,10,3,9,8,3,7,4,1,9,9,6,19,8,3,7,3,0,8,10,5,3,7,4,4,12,4,18,35,14,4,23,31,2,25,11,1,13,21,35,8,23,31,35,5,14,9,0,11,11,31,16,58,3,0,6,6,7,2,0,7,0,3,10,4,10,2,3,0,8,5,1,9,8,7,0,8,7,8,8,4,1,2,54,2,5,4,10,7,7,1,2,1,6,3,10,4,3,6,8,8,5,1,7,10,5,8,3,2,5,6,4,6,4,0,0,7,1,8,9,23,53,25,2
12009,131,137,10,3,9,9,9,6,12,5,9,4,1,0,7,10,2,1,16,8,7,3,8,10,4,6,6,9,5,7,5,3,0,2,8,9,1,8,3,1,0,7,4,6,10,4,5,9,3,10,1,9,1,6,6,7,0,6,9,1,6,0,10,0,4,2,2,9,0,8,4,2,4,1,7,8,10,6,3,1,1,7,9,6,7,3,10,2,6,9,9,3,1,20,1,26,14,13,24,28,15,25,9,4,13,23,35,29,17,10,17,27,22,7,12,10,21,12,17,24,35,2,5,1,4,7,9,2,4,2,2,1,10,10,10,10,5,7,4,5,6,0,3,5,3,7,10,4,0,1,10,28,5,0,8,10,4,10,2,2,7,0,7,9,0,10,0,7,3,9,7,4,1,8,6,8,10,6,5,8,9,7,8,10,2,3,2,10,100,100,7,10
22009,125,137,3,2,6,5,8,9,0,12,1,1,2,14,2,8,2,7,18,18,6,0,6,2,7,10,4,2,2,8,7,3,3,5,10,4,0,9,8,4,8,4,10,2,3,10,2,1,8,4,2,6,9,0,3,5,3,4,10,0,2,3,5,7,3,1,8,5,3,3,6,9,10,8,7,1,3,4,9,7,14,5,10,10,4,2,1,5,3,9,1,7,6,2,9,25,24,11,23,4,29,14,14,21,12,9,17,29,16,18,22,11,18,33,20,19,27,6,17,17,76,0,8,9,8,2,0,1,5,8,9,4,8,9,3,5,7,9,1,8,8,8,6,10,6,10,4,9,4,10,6,63,8,7,9,7,7,9,9,5,6,1,9,4,10,5,8,3,0,2,7,9,10,5,1,3,8,4,5,7,2,8,6,7,8,5,2,8,74,39,4,16
32009,137,140,10,0,8,0,2,9,2,1,9,2,9,4,5,8,0,4,10,4,2,5,8,6,2,2,0,4,6,9,5,1,8,10,6,6,0,3,20,10,3,8,7,4,18,8,2,1,1,7,5,1,7,2,6,0,10,6,5,6,1,9,8,3,4,10,5,6,9,4,4,9,3,5,1,5,8,2,5,3,17,8,1,0,2,4,9,6,10,10,3,1,4,0,0,16,23,12,17,31,11,10,17,1,25,7,30,7,7,19,30,33,27,4,28,31,8,8,32,21,76,4,4,1,3,10,5,6,4,1,3,5,8,8,10,5,10,0,0,9,0,10,2,8,1,2,5,0,3,0,1,48,4,9,4,8,3,0,2,10,8,5,3,0,6,8,3,0,9,3,2,6,5,4,8,6,10,5,2,0,3,5,1,7,6,1,10,9,42,25,10,20
42009,137,139,3,7,8,9,3,6,10,1,4,4,9,2,5,8,2,6,8,8,9,10,7,10,2,9,0,7,8,5,2,2,0,3,9,0,7,10,2,1,0,0,7,6,7,3,5,0,2,9,1,8,1,0,7,4,7,2,6,8,9,7,6,4,10,4,3,4,7,0,9,5,3,9,4,9,7,4,2,9,6,4,1,9,0,0,0,5,6,4,8,5,0,7,9,29,18,0,18,19,26,19,31,14,31,23,13,25,1,20,30,25,19,4,32,9,35,23,11,0,47,8,7,10,9,0,1,8,3,2,5,4,7,10,4,4,7,6,2,7,4,5,7,5,3,5,0,10,0,9,3,50,4,1,1,10,10,9,7,5,0,4,8,1,6,4,0,9,5,5,0,3,2,1,3,7,10,5,8,1,7,5,1,9,10,6,9,4,63,42,0,11
52009,134,137,2,7,1,10,3,7,3,3,4,0,9,8,2,7,2,6,8,13,9,5,2,5,3,5,8,6,7,9,2,5,1,1,2,9,6,4,17,3,5,5,3,3,19,3,10,4,1,8,4,1,9,4,4,4,7,7,3,1,9,5,6,6,8,9,1,1,6,10,5,9,7,6,8,10,8,3,4,7,12,8,7,5,10,7,1,9,0,8,5,4,0,18,2,2,10,34,26,33,30,12,31,14,21,10,28,8,16,18,32,19,16,10,8,32,1,13,34,25,100,4,9,4,1,4,4,5,6,2,10,3,8,4,0,10,5,4,3,0,2,3,9,7,2,5,3,0,4,10,6,81,8,8,8,0,1,3,3,2,2,10,7,2,0,6,8,5,1,3,7,3,4,8,4,5,2,9,10,9,10,5,3,5,9,2,0,4,20,96,16,19
62009,130,136,11,3,6,8,5,2,8,12,1,9,4,13,0,9,0,2,7,10,6,0,6,2,8,2,6,6,7,7,6,3,7,3,2,9,5,7,1,10,6,6,0,9,9,1,6,9,1,10,9,0,3,1,6,10,5,2,7,6,10,0,8,0,6,2,8,1,7,8,6,5,3,6,2,9,5,0,8,0,5,1,1,8,10,4,10,8,8,4,9,5,7,4,1,13,15,35,8,25,4,34,28,35,13,9,12,0,3,9,25,32,10,25,8,9,25,4,16,32,2,7,10,3,2,2,3,10,4,7,1,6,10,7,1,6,9,7,7,8,9,2,9,2,1,8,10,6,8,2,10,83,6,6,4,7,2,1,4,10,1,6,4,3,2,7,2,6,3,7,4,0,0,2,3,1,10,1,2,8,7,5,10,10,9,0,10,0,88,52,25,14
72009,138,138,5,4,1,10,4,1,3,2,8,8,5,8,4,1,6,1,5,18,2,0,3,6,8,3,9,4,5,5,5,9,5,5,0,0,8,8,1,5,10,5,8,0,2,4,2,2,8,0,3,6,1,8,8,4,8,6,1,7,2,7,6,9,9,3,8,5,5,8,3,9,7,9,5,1,6,3,2,1,17,2,3,1,7,1,4,5,1,7,6,4,10,13,6,11,4,10,12,13,8,26,25,22,20,25,24,1,0,30,8,6,29,20,5,0,15,23,7,4,70,9,10,7,3,1,0,6,7,10,10,4,7,2,6,5,4,3,9,8,7,4,8,6,10,9,10,1,3,1,4,63,6,5,4,7,7,0,1,6,3,1,6,6,8,6,2,8,7,5,9,3,5,9,1,2,7,4,8,2,7,9,9,0,9,6,4,9,62,73,0,1
82009,129,136,5,3,0,8,10,10,7,10,6,3,3,2,5,3,3,8,18,6,5,0,2,4,7,2,4,8,10,7,7,10,10,3,8,7,4,4,3,2,2,4,10,6,7,0,8,6,4,10,4,7,3,3,8,9,1,3,5,3,4,1,2,7,9,7,10,2,8,1,6,10,4,9,1,1,6,8,2,0,7,7,3,2,10,4,1,1,9,2,1,6,0,13,4,25,14,19,19,7,18,17,11,35,9,21,30,8,18,9,5,6,29,31,23,7,33,6,24,7,22,2,6,0,0,5,9,9,7,4,2,9,7,3,4,0,6,10,4,4,8,0,7,2,9,0,9,9,7,5,7,42,4,4,5,7,6,4,9,4,9,2,3,2,1,8,0,0,6,10,10,10,7,9,8,10,5,4,8,2,10,1,8,0,3,8,2,0,75,26,10,24
92009,127,135,0,4,5,4,8,1,11,9,4,9,6,12,2,3,3,9,8,6,10,7,9,0,0,4,3,8,0,2,1,1,5,1,5,7,5,2,9,2,8,9,2,3,4,6,6,6,2,2,2,6,4,7,1,8,6,7,7,9,8,0,1,6,1,3,2,3,5,0,9,4,3,10,3,2,3,10,10,3,12,5,10,6,2,7,2,5,6,4,6,7,6,2,4,27,9,25,0,26,0,30,29,27,18,20,19,5,20,4,3,8,9,35,20,16,33,24,12,25,22,3,3,5,8,2,3,1,8,8,6,3,6,1,5,3,6,9,3,9,0,8,0,9,5,6,4,9,5,10,1,56,6,2,4,4,5,9,10,7,3,2,2,8,9,1,8,6,7,3,6,7,4,1,4,3,0,3,9,8,6,3,5,1,7,5,8,0,48,52,24,8
102009,132,135,6,4,10,2,6,8,1,4,4,9,1,10,14,6,4,7,3,4,4,0,2,3,8,3,7,8,4,1,7,0,9,0,9,2,0,0,13,10,6,1,10,3,18,4,7,8,7,9,0,5,7,3,10,9,2,10,0,9,6,2,6,4,8,0,1,8,10,7,6,7,10,1,6,4,2,0,4,2,13,7,7,1,4,8,3,6,4,2,2,10,5,2,3,7,30,7,9,19,34,12,35,9,6,26,4,21,28,1,14,11,20,16,26,24,7,25,13,3,19,0,1,4,6,10,3,7,5,6,6,10,1,0,6,3,6,6,3,1,0,1,9,6,0,3,10,2,8,4,10,51,3,3,3,3,2,9,8,3,2,3,10,4,0,6,10,6,4,9,1,1,0,9,8,2,0,10,3,5,9,10,5,7,5,3,10,2,85,38,12,25
112009,136,137,12,9,3,4,2,5,3,4,7,7,10,15,15,0,0,8,5,10,9,2,6,3,4,8,2,10,2,4,3,9,5,3,10,0,9,5,10,2,10,5,4,4,7,5,0,1,0,7,8,9,9,3,1,2,0,3,1,2,8,3,7,1,8,1,5,3,2,1,2,6,7,0,3,9,9,9,4,7,10,6,0,4,9,9,6,8,10,9,7,8,10,8,6,13,4,5,33,4,34,25,18,17,34,20,10,27,20,29,18,24,32,6,4,1,23,13,1,24,8,0,10,4,9,1,8,3,5,4,3,4,9,1,5,7,3,9,2,3,8,8,0,1,4,9,2,3,5,0,10,97,5,4,10,0,1,0,9,10,4,0,8,9,0,10,9,1,6,0,1,4,3,5,7,7,3,9,10,4,4,6,2,9,4,1,3,8,99,75,17,7
122009,140,137,9,3,7,7,3,7,2,2,6,2,3,6,4,3,6,9,4,13,7,4,4,4,3,10,6,8,6,4,7,1,0,3,5,6,0,8,0,8,1,2,9,1,14,1,6,0,1,1,7,7,7,6,7,10,8,8,2,10,1,5,6,9,0,8,7,4,7,2,2,2,6,6,6,9,10,8,5,7,11,6,2,2,5,5,4,3,5,4,9,7,1,20,4,14,28,28,10,14,29,20,27,35,1,5,8,16,29,6,0,18,16,21,32,30,0,23,29,31,16,7,4,2,2,5,6,5,9,4,6,5,7,9,3,4,6,9,10,3,9,0,5,0,8,4,10,6,2,5,2,36,3,7,5,2,8,6,6,6,1,0,4,3,7,0,9,3,8,0,2,8,7,9,2,1,5,10,4,5,2,9,0,7,10,8,4,10,34,30,4,11
12010,127,137,1,4,9,9,1,5,4,11,2,1,10,9,6,5,2,10,18,14,5,5,3,3,3,3,0,5,7,4,0,10,3,5,8,4,8,5,19,6,10,0,6,10,9,7,9,4,1,7,1,6,7,6,10,6,10,7,7,7,10,7,3,7,5,3,8,5,7,10,10,9,6,5,7,9,10,4,1,3,9,7,2,8,6,9,2,1,9,2,7,10,4,2,10,32,28,30,18,29,27,21,7,25,16,17,15,25,26,24,30,28,19,32,17,5,24,7,5,13,75,6,6,10,6,1,8,4,9,1,0,4,10,7,3,8,2,7,8,0,5,6,9,0,0,1,1,0,5,1,4,23,1,4,3,3,2,6,0,9,5,5,6,4,10,1,2,6,0,0,0,4,4,1,6,0,6,4,5,5,7,8,4,0,1,7,0,0,40,7,13,19
22010,132,137,0,2,8,8,1,0,0,6,1,10,9,9,6,1,8,5,5,13,5,0,6,0,5,4,2,6,9,9,6,4,6,3,9,6,4,2,13,4,9,10,7,4,7,6,10,2,1,5,7,3,3,5,6,1,3,2,4,1,10,2,1,4,4,1,3,2,5,9,8,2,9,9,1,4,0,5,6,8,4,0,7,6,7,0,3,5,9,7,5,2,2,2,10,33,2,7,23,34,16,13,27,7,31,14,32,13,9,3,28,35,24,14,16,24,31,15,31,33,40,3,5,9,5,8,0,4,7,4,5,8,5,8,6,0,10,1,10,6,9,3,5,2,5,7,6,3,2,4,3,52,2,1,7,8,5,10,10,7,7,1,7,4,5,3,5,9,4,7,3,3,1,4,4,10,7,4,6,8,0,2,0,10,2,7,4,5,13,22,23,15
32010,136,135,4,2,2,7,0,9,5,8,7,10,0,2,4,7,7,1,10,17,2,8,3,10,1,8,10,10,3,6,0,4,6,2,6,9,3,10,16,5,10,6,9,8,4,10,7,3,0,4,4,0,7,7,6,6,4,2,1,7,10,6,7,9,6,9,7,1,6,10,10,5,7,0,5,5,1,0,7,1,14,1,0,2,2,4,9,5,1,8,1,4,4,19,3,33,30,10,23,24,32,31,18,31,33,6,4,29,25,16,34,35,19,5,1,1,27,3,35,27,68,3,8,2,9,2,5,1,9,5,8,4,0,0,10,9,5,4,10,2,9,3,2,10,10,0,3,10,0,3,3,53,7,10,2,1,8,10,8,1,5,5,7,2,5,10,9,7,2,10,7,2,0,0,6,7,5,4,3,3,7,4,1,5,9,0,5,3,51,49,21,24
42010,129,136,0,4,0,4,7,0,3,7,1,9,8,5,8,8,3,9,12,14,1,9,2,9,3,7,7,0,10,1,1,10,7,6,2,1,10,3,3,5,8,6,1,6,2,0,0,8,1,3,2,7,4,6,7,0,10,10,5,0,9,0,7,1,4,10,1,9,9,10,1,4,2,3,2,0,7,9,1,2,9,1,7,0,4,0,3,10,4,2,4,4,7,8,9,30,22,22,29,22,32,27,14,9,5,11,9,19,3,21,20,21,14,9,20,14,2,26,6,23,12,9,3,6,8,0,1,6,3,4,8,2,7,2,2,3,9,6,5,6,10,10,8,8,0,7,2,2,7,1,1,47,4,4,3,6,4,4,9,4,1,3,2,8,4,4,3,1,0,6,0,2,6,6,7,6,0,3,0,0,0,10,4,7,10,2,2,4,0,96,21,13
52010,138,137,3,5,1,6,3,6,6,10,7,3,8,8,12,8,5,7,3,5,9,4,6,2,1,2,10,1,7,4,1,3,3,1,0,7,0,5,12,4,4,8,6,10,7,2,1,2,9,2,2,1,6,2,3,6,4,8,4,6,4,0,3,4,10,5,10,5,4,1,2,2,7,3,1,0,7,8,9,6,13,1,9,6,1,8,7,2,5,2,3,10,8,7,3,10,18,1,4,12,22,30,28,9,29,23,8,12,9,5,25,4,0,13,5,32,14,30,27,30,21,6,3,7,0,9,6,6,5,5,2,3,5,10,5,1,9,7,9,0,7,4,1,0,10,9,1,2,6,9,4,43,3,6,2,7,6,7,9,1,7,0,9,8,6,8,10,3,10,8,10,8,10,7,0,8,9,1,4,3,6,2,5,9,4,1,10,5,65,47,8,0
62010,133,140,12,6,4,10,6,7,3,8,8,8,0,13,6,6,6,10,10,17,9,6,10,6,4,1,0,6,6,0,5,10,8,0,7,4,5,6,11,5,5,5,7,0,7,7,5,8,1,5,3,3,10,4,4,8,2,8,5,8,7,2,3,7,6,1,4,6,10,4,1,2,0,10,4,0,8,1,4,0,20,4,10,0,4,1,9,0,0,2,7,1,2,1,2,7,19,1,33,8,27,12,31,19,13,7,1,24,17,10,1,31,26,13,11,20,19,29,26,28,44,4,10,4,6,5,5,3,3,9,4,7,5,2,9,2,8,3,7,3,7,4,5,3,4,10,4,1,0,1,7,74,10,6,10,10,3,6,4,4,9,1,3,9,5,9,4,8,10,7,8,9,1,7,7,5,2,4,10,1,1,0,5,4,4,0,6,7,43,82,18,24
72010,130,140,5,7,2,6,4,8,11,8,2,3,3,13,10,4,0,3,6,13,0,4,6,5,1,1,9,8,4,8,6,0,6,5,0,0,5,7,8,10,1,2,0,7,2,3,3,9,2,3,9,5,5,10,5,7,7,3,7,9,4,1,1,7,1,6,7,6,1,9,4,2,1,1,10,0,5,7,3,5,4,8,7,0,9,8,3,0,1,0,6,1,6,15,0,30,14,18,26,17,22,25,29,11,7,25,12,11,16,25,2,26,16,24,28,10,26,34,6,8,44,4,4,8,8,1,10,10,0,8,8,5,7,0,7,7,10,6,3,3,6,8,0,4,5,1,6,0,1,7,9,58,6,5,5,5,10,3,7,5,4,9,7,6,2,8,3,3,6,7,2,7,1,2,9,7,1,3,9,5,5,4,0,4,10,6,8,8,64,81,8,1
82010,139,137,1,7,6,5,6,3,6,1,3,1,8,12,13,6,4,7,12,7,0,9,2,9,5,4,9,5,2,4,3,0,6,3,3,6,0,8,2,4,8,8,4,10,14,8,0,4,10,2,7,4,6,6,2,2,9,5,0,8,8,1,10,2,0,8,9,8,8,7,9,1,9,2,7,6,10,10,10,7,19,8,2,0,9,8,5,10,8,0,4,4,4,15,4,27,35,31,6,3,15,3,15,19,14,19,7,11,13,28,28,8,19,28,7,27,5,24,4,32,57,8,9,8,3,0,1,1,10,1,6,4,9,9,10,0,1,9,4,4,4,2,9,6,8,2,6,8,0,8,0,78,5,0,1,1,3,2,7,9,5,8,6,5,7,4,0,0,0,3,4,1,8,6,1,4,2,6,7,3,7,9,9,8,3,0,7,8,37,54,15,16
92010,130,136,4,7,0,10,6,2,10,0,6,9,4,4,6,10,10,8,5,7,1,6,5,0,5,4,5,3,8,3,3,10,3,0,5,2,0,5,15,3,2,8,5,5,14,5,10,3,1,2,10,3,0,8,8,4,3,3,5,8,7,4,5,6,8,10,4,9,6,3,6,7,6,5,0,5,5,2,0,4,3,9,2,9,4,7,1,1,2,10,6,3,6,13,7,30,15,0,29,29,29,29,12,21,21,10,30,18,4,22,15,11,28,19,32,31,16,6,24,4,66,10,5,4,3,3,9,8,0,1,3,7,5,9,10,2,0,4,7,8,9,7,8,3,2,5,5,9,6,1,10,80,9,3,0,1,2,7,6,7,3,4,4,8,10,5,1,2,0,5,3,5,1,9,8,5,8,2,0,4,3,1,9,3,2,1,4,0,40,45,23,4
102010,127,140,6,10,10,4,4,0,6,8,8,2,7,14,12,8,8,2,17,3,5,1,3,1,7,10,3,5,5,7,1,9,3,10,10,0,7,8,17,7,7,10,5,9,3,1,1,10,0,9,9,5,0,10,10,1,7,2,2,1,6,3,4,3,7,10,6,7,4,10,10,4,1,6,4,4,3,9,10,1,18,4,8,2,7,9,0,2,9,4,4,1,6,17,0,19,8,8,14,32,29,16,25,6,35,2,26,9,22,35,14,11,10,21,27,34,6,30,34,14,37,9,9,1,2,2,9,6,10,3,9,0,0,2,9,4,4,7,4,8,3,4,7,10,1,3,4,7,6,5,1,72,7,6,10,1,10,3,3,6,6,5,9,10,5,8,5,9,0,4,2,8,4,2,2,1,5,8,2,8,10,1,2,0,5,5,3,4,55,23,11,18
112010,125,136,9,6,1,7,10,6,2,4,8,1,8,6,9,6,5,4,9,13,6,5,8,4,9,10,5,7,8,7,6,6,9,1,7,2,6,7,17,9,3,7,2,1,3,7,1,6,7,5,7,3,9,8,9,8,2,9,5,8,10,6,6,1,4,3,10,10,4,10,7,9,4,3,2,1,5,2,6,8,2,10,1,6,3,9,9,6,7,0,9,0,7,0,4,18,5,20,5,15,24,2,23,9,30,22,26,32,1,30,28,34,12,22,14,32,30,19,20,35,58,5,0,7,0,2,9,5,5,4,9,7,9,3,8,1,0,7,10,5,2,7,6,5,6,10,7,5,9,10,10,14,5,10,2,1,4,5,9,8,1,2,2,2,5,2,7,4,8,7,2,8,3,9,3,1,9,10,10,3,5,1,5,9,4,7,6,4,51,37,14,18
122010,126,137,5,10,5,5,7,10,0,10,6,7,9,0,10,9,4,10,11,5,6,5,1,8,5,2,9,6,5,0,2,3,6,9,5,1,1,3,17,8,8,5,9,4,5,4,6,8,7,7,3,3,7,7,7,8,5,1,10,8,4,10,6,8,9,2,10,9,8,1,0,6,8,8,9,4,1,10,7,7,14,0,9,9,2,2,1,4,3,1,9,1,4,10,9,24,28,4,14,23,4,31,7,4,18,19,27,1,30,31,29,8,4,34,1,17,25,0,20,13,24,10,1,6,4,2,10,5,10,0,5,4,2,5,7,10,4,0,5,0,3,1,4,6,7,0,10,5,3,6,5,65,0,8,7,9,10,5,5,5,4,4,8,9,5,0,3,0,3,5,4,0,0,4,9,1,0,8,2,1,9,8,9,3,8,5,7,6,71,12,20,3
12011,127,140,9,9,3,4,9,0,2,0,9,6,7,4,13,6,9,9,17,4,1,7,9,3,3,10,6,4,1,4,1,4,6,0,4,0,4,2,19,6,9,5,7,4,15,1,7,3,7,4,3,2,8,9,4,4,3,1,0,1,8,4,5,2,6,3,10,3,5,2,9,8,7,7,1,9,1,3,2,4,16,0,2,5,0,1,10,2,4,8,5,2,2,15,4,8,17,3,15,0,22,15,7,4,2,13,8,13,5,15,18,12,10,18,24,26,21,28,26,4,18,5,5,10,2,5,8,10,7,7,10,3,2,6,2,8,8,4,9,8,10,10,5,2,9,9,6,9,9,7,6,51,8,4,10,7,9,10,3,2,1,6,5,0,2,10,6,9,7,9,2,5,3,7,0,3,6,6,7,2,1,8,9,1,5,9,2,2,60,9,17,23
22011,135,138,6,9,1,0,7,7,4,10,1,8,7,12,14,4,9,1,17,16,7,4,3,4,5,1,7,5,0,5,9,5,3,4,8,3,9,2,12,6,6,6,3,9,4,5,4,7,9,0,0,0,0,4,4,7,1,7,7,8,9,3,0,4,0,3,8,8,4,5,2,2,7,9,8,3,7,3,4,7,8,3,9,8,1,0,0,2,7,8,10,1,8,20,6,12,0,7,4,1,14,17,21,22,20,5,29,14,22,23,1,11,34,13,9,1,22,1,23,15,34,3,5,6,9,6,0,1,5,8,7,0,3,2,7,2,8,9,0,0,6,10,10,3,9,5,0,1,10,1,1,4,6,10,2,2,6,3,3,2,8,9,1,2,4,2,8,2,10,1,0,1,0,7,0,3,5,7,8,8,2,9,8,10,3,3,9,5,52,22,15,12
32011,138,140,8,10,0,10,8,0,0,0,4,6,3,9,9,0,4,8,14,9,1,5,5,5,8,3,2,1,7,2,4,2,6,0,9,4,10,2,16,10,1,10,4,10,14,8,8,3,5,0,2,7,4,4,9,5,1,4,10,10,2,7,0,10,1,9,0,10,1,5,4,9,10,8,7,10,2,2,10,6,8,0,5,1,3,6,2,9,4,4,9,10,1,13,8,24,15,12,19,7,21,32,33,14,11,26,14,4,13,29,13,3,24,32,7,26,35,34,14,1,18,3,5,3,0,10,4,3,1,7,2,6,6,10,0,5,3,6,8,4,0,0,3,3,8,3,2,10,5,1,6,69,2,10,8,7,3,8,3,0,6,6,5,1,7,7,8,4,5,2,6,5,4,4,1,10,4,2,5,6,6,6,2,9,4,8,0,8,12,100,23,11
42011,132,135,5,6,0,5,1,0,1,9,8,7,8,5,2,7,0,9,13,7,4,5,4,10,1,0,7,9,5,5,1,3,5,2,3,0,7,3,18,8,8,2,7,6,5,8,3,7,5,5,8,9,4,9,7,4,8,4,2,3,3,6,10,3,5,3,5,8,6,9,1,3,5,6,2,4,8,0,0,8,8,7,0,7,8,8,5,0,2,6,6,3,2,18,0,9,9,17,19,4,0,13,27,29,0,1,33,2,6,8,31,4,32,27,30,6,30,26,6,3,89,3,9,2,0,4,10,5,8,0,10,4,4,9,10,5,3,5,8,10,0,8,8,10,6,5,1,7,6,9,9,53,3,10,0,1,3,1,3,1,6,3,4,6,6,5,7,4,6,2,8,2,0,1,3,9,0,2,4,0,8,7,9,9,8,0,6,5,74,73,23,0
52011,133,139,9,3,9,6,7,2,0,0,1,4,7,9,4,6,10,7,7,9,4,10,5,3,9,0,4,8,10,6,7,0,2,10,2,3,3,10,1,2,8,0,4,4,12,5,10,5,8,3,7,10,7,1,10,0,0,1,4,4,5,6,8,0,1,10,4,4,9,4,4,4,4,2,3,0,10,5,9,5,18,9,4,10,6,6,6,7,0,0,9,5,7,17,1,23,35,27,31,0,34,32,32,34,1,23,15,6,21,7,9,17,32,15,27,1,3,29,20,33,88,10,0,9,7,1,3,8,8,4,7,2,9,1,0,9,10,3,10,3,7,3,5,0,3,5,8,4,0,4,8,3,2,5,2,10,6,10,10,5,3,2,4,2,4,8,4,3,6,6,9,2,10,1,7,5,6,5,9,9,2,2,3,5,10,8,4,2,29,72,3,4
62011,133,140,9,4,10,7,8,1,6,8,0,1,8,1,8,0,0,10,13,16,9,4,2,3,7,0,1,6,4,9,3,8,7,8,6,2,9,9,3,7,8,5,9,7,5,6,4,6,6,9,1,3,3,5,4,2,8,2,6,6,0,5,7,1,1,4,9,5,2,0,7,1,7,9,9,8,6,10,3,9,10,0,3,5,9,10,1,2,4,0,1,4,8,6,0,26,5,27,9,13,7,4,6,10,26,16,18,11,17,34,14,32,27,4,11,34,23,16,0,27,37,0,7,10,0,8,6,1,8,10,1,2,9,3,1,2,7,2,4,3,5,8,2,3,3,4,1,0,10,9,2,68,2,1,5,7,9,0,10,3,8,0,10,4,0,1,0,8,9,4,5,10,3,3,4,10,3,5,2,7,6,8,9,5,3,1,10,0,42,29,19,15
72011,134,136,12,10,7,7,9,2,9,7,5,2,0,7,10,1,0,7,9,4,9,0,4,8,6,0,3,6,10,2,4,8,1,2,5,5,0,0,10,6,2,2,10,5,20,4,2,8,9,1,10,6,10,9,7,7,6,4,2,3,1,9,0,1,3,10,0,4,10,9,3,4,4,9,5,7,1,9,3,9,15,7,6,6,1,6,6,6,0,7,9,2,3,10,1,30,9,3,27,22,16,0,15,18,28,16,34,21,10,33,19,5,14,28,7,32,32,32,24,27,81,7,10,9,10,5,8,2,7,6,9,5,9,0,2,8,1,7,6,10,4,4,0,2,8,0,5,3,9,10,10,24,1,6,9,6,0,0,7,0,7,0,7,8,1,4,4,2,9,0,8,10,3,8,8,8,6,3,0,7,6,1,2,8,9,7,0,4,94,80,8,14
82011,126,139,4,10,10,6,2,6,9,1,0,3,10,6,9,2,0,8,9,9,1,8,0,9,7,7,9,4,7,9,9,0,8,7,5,7,1,9,16,3,9,7,6,6,15,8,8,7,0,4,1,9,0,7,9,4,7,2,9,2,6,3,8,1,2,3,2,2,0,5,3,8,8,6,0,10,1,9,3,1,10,5,2,1,8,8,7,1,3,9,9,7,9,20,9,35,34,2,32,23,20,16,20,23,32,30,21,28,29,6,34,3,2,12,32,25,30,13,11,12,71,1,1,6,2,6,7,4,0,1,7,6,8,3,4,0,5,1,10,2,5,5,7,8,0,0,2,4,9,0,3,15,9,8,0,0,9,5,3,9,3,6,5,2,1,7,3,5,8,5,5,1,10,1,1,6,7,10,1,0,2,1,3,3,7,6,10,0,57,31,8,1
92011,131,136,11,1,6,4,8,3,4,0,3,6,9,3,11,0,10,0,4,12,8,7,8,9,0,6,3,3,2,7,3,5,7,0,7,3,3,10,15,2,7,6,3,3,3,7,2,7,1,9,2,6,6,4,8,5,4,7,5,6,4,9,9,8,1,7,4,5,3,1,10,7,1,3,7,4,8,3,10,10,9,8,0,0,2,8,7,4,5,5,7,2,4,20,6,33,31,26,26,34,9,2,14,20,32,8,1,22,19,12,12,20,13,0,24,7,15,31,27,4,22,8,9,2,2,7,5,8,0,0,7,0,6,10,2,4,7,8,4,0,0,0,6,9,1,0,6,7,9,10,8,35,10,2,9,10,7,4,6,6,0,7,3,8,5,7,6,1,9,7,7,5,9,2,0,1,3,8,0,3,8,9,6,0,10,1,4,2,5,52,16,9
102011,134,137,9,6,3,3,2,9,11,6,10,8,1,4,6,0,5,6,4,15,6,3,5,5,9,9,0,9,0,3,5,4,9,10,5,5,5,10,6,9,5,10,0,5,19,9,10,6,1,1,9,6,2,4,9,10,5,2,4,7,8,1,4,4,8,8,3,5,0,4,8,0,0,8,10,2,0,6,5,4,19,9,5,3,1,3,9,6,1,3,5,2,3,18,0,21,17,15,11,1,3,11,1,29,9,2,10,25,28,5,33,28,4,15,24,8,25,7,16,34,5,1,10,3,9,1,8,4,10,6,0,9,0,4,7,2,8,9,5,6,5,1,2,0,1,3,1,3,6,7,8,40,10,3,9,6,9,8,8,8,8,8,8,7,2,3,1,10,8,3,8,2,2,2,0,0,6,9,5,8,3,7,7,0,9,10,3,6,48,88,8,3
112011,132,138,11,5,9,6,9,3,5,9,3,0,8,9,14,3,5,0,12,17,4,8,4,7,1,3,8,10,0,1,3,9,6,6,5,2,3,5,17,9,0,2,4,5,3,0,1,0,9,5,0,7,3,9,10,4,10,5,9,5,6,10,2,2,9,8,6,1,5,7,2,4,1,10,0,9,8,5,6,10,8,10,2,7,5,4,8,6,3,3,3,0,4,0,9,18,16,5,4,0,14,34,11,22,5,8,5,14,28,4,4,4,18,18,8,1,7,10,14,0,89,8,4,5,1,0,10,9,1,7,7,2,10,2,1,8,8,0,7,2,3,9,5,3,9,10,0,0,9,7,7,23,1,4,3,6,5,9,6,4,0,10,8,10,1,8,4,9,0,2,9,4,8,8,0,0,6,6,0,2,10,10,4,1,6,4,1,0,63,46,17,9
122011,134,138,7,3,6,2,8,2,7,6,1,6,10,13,1,6,8,6,8,4,9,2,2,1,10,9,1,8,4,3,8,7,10,7,7,2,2,8,15,9,10,5,3,4,14,6,7,1,8,4,2,9,2,8,10,6,4,5,0,9,10,5,10,10,5,3,6,5,6,0,10,5,0,0,7,2,10,6,8,0,15,2,4,8,5,0,9,6,1,9,3,9,5,5,6,34,29,34,14,5,34,14,8,0,23,32,15,7,30,26,9,10,16,20,23,3,30,25,5,22,6,10,10,4,10,0,8,6,6,5,4,0,2,3,8,7,2,10,0,8,4,2,5,4,8,10,7,1,4,0,9,95,5,16,2,17,5,17,13,0,14,17,0,1,0,15,16,7,18,13,7,14,11,11,6,4,3,17,7,18,15,8,16,14,14,19,18,15,40,20,17,2